In Silico Screening of Some Naturally Occurring Bioactive Compounds Predicts Potential Inhibitors against SARS-COV-2 (COVID-19) Protease,"Ashok Kumar Mishra, Satya Prakash Tewari",https://arxiv.org/abs/2004.01634,https://arxiv.org/pdf/2004.01634,"Submitted 3 April, 2020; originally announced April 2020.","This research is dedicated to the peoples who have lost the lives, been struggling for the lives, been working hard to save the lives as well as been frightened for the lives while fighting against the pandemic COVID-19 i.e. the all CORONA WARRIORS"
Identifying highly influential travellers for spreading disease on a public transport system,"Ahmad El Shoghri, Jessica Liebig, Raja Jurdak, Lauren Gardner, Salil S. Kanhere",https://arxiv.org/abs/2004.01581,https://arxiv.org/pdf/2004.01581,"Submitted 3 April, 2020; originally announced April 2020.","10 pages, 10 figures and 1 table. To be published in the 2020 21st IEEE International Symposium on A World of Wireless, Mobile and Multimedia Networks (IEEE WOWMOM 2020) conference program and the proceedings"
Model studies on the COVID-19 pandemic in Sweden,"Chong Qi, Daniel Karlsson, Karl Sallmen, Ramon Wyss",https://arxiv.org/abs/2004.01575,https://arxiv.org/pdf/2004.01575,"Submitted 3 April, 2020; originally announced April 2020.",
Analysis of the COVID-19 pandemic by SIR model and machine learning technics for forecasting,"Babacar Mbaye Ndiaye, Lena Tendeng, Diaraf Seck",https://arxiv.org/abs/2004.01574,https://arxiv.org/pdf/2004.01574,"Submitted 3 April, 2020; originally announced April 2020.",
Regression Approach for Modeling COVID-19 Spread and its Impact On Stock Market,Bohdan M. Pavlyshenko,https://arxiv.org/abs/2004.01489,https://arxiv.org/pdf/2004.01489,"Submitted 2 April, 2020; originally announced April 2020.",
A mathematical model for the coronavirus COVID-19 outbreak,"Roman Cherniha, Vasyl' Davydovych",https://arxiv.org/abs/2004.01487,https://arxiv.org/pdf/2004.01487,"Submitted 2 April, 2020; originally announced April 2020.",
Generating Similarity Map in COVID-19 Transmission Dynamics with Topological Autoencoder,Pitoyo Hartono,https://arxiv.org/abs/2004.01481,https://arxiv.org/pdf/2004.01481,"Submitted 3 April, 2020; originally announced April 2020.",
Portable Health Screening Device of Respiratory Infections,"Zheng Jiang, Menghan Hu, Guangtao Zhai",https://arxiv.org/abs/2004.01479,https://arxiv.org/pdf/2004.01479,"Submitted 3 April, 2020; originally announced April 2020.",
An alternating lock-down strategy for sustainable mitigation of COVID-19,"Dror Meidan, Reuven Cohen, Simcha Haber, Baruch Barzel",https://arxiv.org/abs/2004.01453,https://arxiv.org/pdf/2004.01453,"Submitted 3 April, 2020; originally announced April 2020.","14 pages, 2 figures"
A Model of Supply-Chain Decisions for Resource Sharing with an Application to Ventilator Allocation to Combat COVID-19,"Sanjay Mehrotra, Hamed Rahimian, Masoud Barah, Fengqiao Luo, Karolina Schantz",https://arxiv.org/abs/2004.01318,https://arxiv.org/pdf/2004.01318,"Submitted 2 April, 2020; originally announced April 2020.",
Different scenarios in the Dynamics of SARS-Cov-2 Infection: an adapted ODE model,Ramón E. R. González,https://arxiv.org/abs/2004.01295,https://arxiv.org/pdf/2004.01295,"Submitted 2 April, 2020; originally announced April 2020.","11 pages, 7 figures and 8 tables"
Quantification of Tomographic Patterns associated with COVID-19 from Chest CT,"Shikha Chaganti, Abishek Balachandran, Guillaume Chabin, Stuart Cohen, Thomas Flohr, Bogdan Georgescu, Philippe Grenier, Sasa Grbic, Siqi Liu, François Mellot, Nicolas Murray, Savvas Nicolaou, William Parker, Thomas Re, Pina Sanelli, Alexander W. Sauter, Zhoubing Xu, Youngjin Yoo, Valentin Ziebandt, Dorin Comaniciu",https://arxiv.org/abs/2004.01279,https://arxiv.org/pdf/2004.01279,"Submitted 2 April, 2020; originally announced April 2020.",
AI4COVID-19: AI Enabled Preliminary Diagnosis for COVID-19 from Cough Samples via an App,"Ali Imran, Iryna Posokhova, Haneya N. Qureshi, Usama Masood, Sajid Riaz, Kamran Ali, Charles N. John, Muhammad Nabeel",https://arxiv.org/abs/2004.01275,https://arxiv.org/pdf/2004.01275,"Submitted 2 April, 2020; originally announced April 2020.",
COVID-19: Should We Test Everyone?,"Grace Yi, Wenqing He, Dennis Kon-Jin Lin, Chun-Ming Yu",https://arxiv.org/abs/2004.01252,https://arxiv.org/pdf/2004.01252,"Submitted 2 April, 2020; originally announced April 2020.","In total 27 pages, with 7 figures and 1 table"
Metropolitan-scale COVID-19 outbreaks: how similar are they?,Samuel Heroy,https://arxiv.org/abs/2004.01248,https://arxiv.org/pdf/2004.01248,"Submitted 2 April, 2020; originally announced April 2020.",
Target-Specific and Selective Drug Design for COVID-19 Using Deep Generative Models,"Vijil Chenthamarakshan, Payel Das, Inkit Padhi, Hendrik Strobelt, Kar Wai Lim, Ben Hoover, Samuel C. Hoffman, Aleksandra Mojsilovic",https://arxiv.org/abs/2004.01215,https://arxiv.org/pdf/2004.01215,"Submitted 2 April, 2020; originally announced April 2020.",
Estimation of population infected by Covid-19 using regression Generalized logistics and optimization heuristics,Mario Villalobos-Arias,https://arxiv.org/abs/2004.01207,https://arxiv.org/pdf/2004.01207,"Submitted 2 April, 2020; originally announced April 2020.","16 pages, 12 figures, prediction for covid-19, the document is in Spanish"
Detection of Coronavirus (COVID-19) Associated Pneumonia based on Generative Adversarial Networks and a Fine-Tuned Deep Transfer Learning Model using Chest X-ray Dataset,"Nour Eldeen M. Khalifa, Mohamed Hamed N. Taha, Aboul Ella Hassanien, Sally Elghamrawy",https://arxiv.org/abs/2004.01184,https://arxiv.org/pdf/2004.01184,"Submitted 2 April, 2020; originally announced April 2020.","15 pages, 3 Tables and 10 Figures"
Inferring COVID-19 spreading rates and potential change points for case number forecasts,"Jonas Dehning, Johannes Zierenberg, F. Paul Spitzner, Michael Wibral, Joao Pinheiro Neto, Michael Wilczek, Viola Priesemann",https://arxiv.org/abs/2004.01105,https://arxiv.org/pdf/2004.01105,"Submitted 2 April, 2020; originally announced April 2020.","19 pages, 9 figures. Our code is freely available and can be readily adapted to any country or region ( https://github.com/Priesemann-Group/covid19_inference_forecast/ )"
The Covid19Impact Survey: Assessing the Pulse of the COVID-19 Pandemic in Spain via 24 questions,"Nuria Oliver, Xavier Barber, Kirsten Roomp, Kristof Roomp",https://arxiv.org/abs/2004.01014,https://arxiv.org/pdf/2004.01014,"Submitted 2 April, 2020; originally announced April 2020.",
Large-scale ligand-based virtual screening for SARS-CoV-2 inhibitors using deep neural networks,"Markus Hofmarcher, Andreas Mayr, Elisabeth Rumetshofer, Peter Ruch, Philipp Renz, Johannes Schimunek, Philipp Seidl, Andreu Vall, Michael Widrich, Sepp Hochreiter, Günter Klambauer",https://arxiv.org/abs/2004.00979,https://arxiv.org/pdf/2004.00979,"Submitted 3 April, 2020; v1 submitted 25 March, 2020; originally announced April 2020.",Additional results added. Various corrections to formulations and typos
Neural network based country wise risk prediction of COVID-19,"Ratnabali Pal, Arif Ahmed Sekh, Samarjit Kar, Dilip K. Prasad",https://arxiv.org/abs/2004.00959,https://arxiv.org/pdf/2004.00959,"Submitted 31 March, 2020; originally announced April 2020.",
SEIR and Regression Model based COVID-19 outbreak predictions in India,"Gaurav Pandey, Poonam Chaudhary, Rajan Gupta, Saibal Pal",https://arxiv.org/abs/2004.00958,https://arxiv.org/pdf/2004.00958,"Submitted 1 April, 2020; originally announced April 2020.",
Stochastic modeling and estimation of COVID-19 population dynamics,"Nikolay M. Yanev, Vessela K. Stoimenova, Dimitar V. Atanasov",https://arxiv.org/abs/2004.00941,https://arxiv.org/pdf/2004.00941,"Submitted 2 April, 2020; originally announced April 2020.",
Power-law distribution in the number of confirmed COVID-19 cases,Bernd Blasius,https://arxiv.org/abs/2004.00940,https://arxiv.org/pdf/2004.00940,"Submitted 2 April, 2020; originally announced April 2020.","10 pages, 8 figures"
Detecting Suspected Epidemic Cases Using Trajectory Big Data,"Chuansai Zhou, Wen Yuan, Jun Wang, Haiyong Xu, Yong Jiang, Xinmin Wang, Qiuzi Han Wen, Pingwen Zhang",https://arxiv.org/abs/2004.00908,https://arxiv.org/pdf/2004.00908,"Submitted 2 April, 2020; originally announced April 2020.",
Efficient network immunization under limited knowledge,"Yangyang Liu, Hillel Sanhedrai, GaoGao Dong, Louis M. Shekhtman, Fan Wang, Sergey V. Buldyrev, Shlomo Havlin",https://arxiv.org/abs/2004.00825,https://arxiv.org/pdf/2004.00825,"Submitted 2 April, 2020; originally announced April 2020.",
Strategies for the re-use of FFP3 respiratory masks during the COVID-19 pandemic,"Hans Joachim Schöpe, Miriam Klopotek",https://arxiv.org/abs/2004.00769,https://arxiv.org/pdf/2004.00769,"Submitted 1 April, 2020; originally announced April 2020.","6 pages, 1 table"
A County-level Dataset for Informing the United States' Response to COVID-19,"Benjamin D. Killeen, Jie Ying Wu, Kinjal Shah, Anna Zapaishchykova, Philipp Nikutta, Aniruddha Tamhane, Shreya Chakraborty, Jinchi Wei, Tiger Gao, Mareike Thies, Mathias Unberath",https://arxiv.org/abs/2004.00756,https://arxiv.org/pdf/2004.00756,"Submitted 1 April, 2020; originally announced April 2020.",
"Coronavirus SARS-CoV-2: Analysis of subgenomic mRNA transcription, 3CLpro and PL2pro protease cleavage sites and protein synthesis",Miguel Ramos Pascual,https://arxiv.org/abs/2004.00746,https://arxiv.org/pdf/2004.00746,"Submitted 1 April, 2020; originally announced April 2020.",
Forecasting COVID 19 growth in India using Susceptible-Infected-Recovered (S.I.R) model,"Jay Naresh Dhanwant, V. Ramanathan",https://arxiv.org/abs/2004.00696,https://arxiv.org/pdf/2004.00696,"Submitted 1 April, 2020; originally announced April 2020.",
Hate multiverse spreads malicious COVID-19 content online beyond individual platform control,"N. Velásquez, R. Leahy, N. Johnson Restrepo, Y. Lupu, R. Sear, N. Gabriel, O. Jha, N. F. Johnson",https://arxiv.org/abs/2004.00673,https://arxiv.org/pdf/2004.00673,"Submitted 1 April, 2020; originally announced April 2020.",Working paper. Feedback welcomed from the community to neiljohnson@gwu.edu
Coronavirus Covid-19 spreading in Italy: optimizing an epidemiological model with dynamic social distancing through Differential Evolution,"I. De Falco, A. Della Cioppa, U. Scafuri, E. Tarantino",https://arxiv.org/abs/2004.00553,https://arxiv.org/pdf/2004.00553,"Submitted 2 April, 2020; v1 submitted 1 April, 2020; originally announced April 2020.",
The HEV Ventilator Proposal,"J. Buytaert, A. Abed Abud, K. Akiba, A. Bay, C. Bertella, T. Bowcock, W. Byczynski, V. Coco, P. Collins, O. Augusto De Aguiar Francisco, N. Dikic, R. Dumps, P. Durante, A. Fernández Prieto, V. Franco Lima, R. Guida, K. Hennessy, D. Hutchcroft, S. Ilic, A. Jevtic, K. Kapusniak, E. Lemos Cid, J. Lindner, M. Milovanovic, D. Murray",https://arxiv.org/abs/2004.00534,https://arxiv.org/pdf/2004.00534,"Submitted 2 April, 2020; v1 submitted 1 April, 2020; originally announced April 2020.","14 pages, 5 figures"
Tracing Contacts to Control the COVID-19 Pandemic,"Christoph Günther, Michael Günther, Daniel Günther",https://arxiv.org/abs/2004.00517,https://arxiv.org/pdf/2004.00517,"Submitted 1 April, 2020; originally announced April 2020.","5 pages, no figures"
Strategies for controlling the medical and socio-economic costs of the Corona pandemic,"Claudius Gros, Roser Valenti, Kilian Valenti, Daniel Gros",https://arxiv.org/abs/2004.00493,https://arxiv.org/pdf/2004.00493,"Submitted 1 April, 2020; originally announced April 2020.","contains modelling, cost estimates and policy evaluation"
Controlling the Transmission Dynamics of COVID-19,"Stephen E. Moore, Eric Okyere",https://arxiv.org/abs/2004.00443,https://arxiv.org/pdf/2004.00443,"Submitted 2 April, 2020; v1 submitted 31 March, 2020; originally announced April 2020.","13pages, 37 figures"
Pedestrian traffic must be regulated in contagious epidemics,Bernardo A. Mello,https://arxiv.org/abs/2004.00423,https://arxiv.org/pdf/2004.00423,"Submitted 2 April, 2020; v1 submitted 29 March, 2020; originally announced April 2020.",
Total Variation Regularization for Compartmental Epidemic Models with Time-varying Dynamics,Wenjie Zheng,https://arxiv.org/abs/2004.00412,https://arxiv.org/pdf/2004.00412,"Submitted 1 April, 2020; originally announced April 2020.","13 pages, 7 figures"
An ARIMA model to forecast the spread of COVID-2019 epidemic in Italy,Gaetano Perone,https://arxiv.org/abs/2004.00382,https://arxiv.org/pdf/2004.00382,"Submitted 1 April, 2020; originally announced April 2020.","8 pages, 5 figures plus 2 in the Appendix, 3 tables"
Extracting possibly representative COVID-19 Biomarkers from X-Ray images with Deep Learning approach and image data related to Pulmonary Diseases,"Ioannis Apostolopoulos, Sokratis Aznaouridis, Mpesiana Tzani",https://arxiv.org/abs/2004.00338,https://arxiv.org/pdf/2004.00338,"Submitted 1 April, 2020; originally announced April 2020.","14 pages, 1 figure, Submitted Manuscript"
Proof-of-concept of a minimalist pressure-controlled emergency ventilator for COVID-19,"Americo Pereira, Paulo Fonte, Pedro Povoa, Telmo G. Santos, Alberto Martinho, Antonio Bugalho, Antonio Gabriel-Santos, Goncalo Gaspar Bentes Pimenta, Joao Goes, Joao Martins, Joao Pedro Oliveira, Jose Paulo Santos, Luis C. Gil, Luis Lopes, Miguel Onofre Domingues, Orlando Cunha, Pedro Pinheiro de Sousa, Tiago A. Rodrigues, Valdemar R. Duarte, Joao Agostinho do Nascimento, Antonio Grilo, Project Open Air",https://arxiv.org/abs/2004.00310,https://arxiv.org/pdf/2004.00310,"Submitted 1 April, 2020; originally announced April 2020.","16 pages, 14 figures"
"Leveraging Data Preparation, HBase NoSQL Storage, and HiveQL Querying for COVID-19 Big Data Analytics Projects",Karim Baïna,https://arxiv.org/abs/2004.00253,https://arxiv.org/pdf/2004.00253,"Submitted 1 April, 2020; originally announced April 2020.",
Molecular docking studies on Jensenone from eucalyptus essential oil as a potential inhibitor of COVID 19 corona virus infection,"Arun Dev Sharma, Inderjeet Kaur",https://arxiv.org/abs/2004.00217,https://arxiv.org/pdf/2004.00217,"Submitted 31 March, 2020; originally announced April 2020.",10 p
Challenges in control of Covid-19: short doubling time and long delay to effect of interventions,"Lorenzo Pellis, Francesca Scarabel, Helena B. Stage, Christopher E. Overton, Lauren H. K. Chappell, Katrina A. Lythgoe, Elizabeth Fearon, Emma Bennett, Jacob Curran-Sebastian, Rajenki Das, Martyn Fyles, Hugo Lewkowicz, Xiaoxi Pang, Bindu Vekaria, Luke Webb, Thomas House, Ian Hall",https://arxiv.org/abs/2004.00117,https://arxiv.org/pdf/2004.00117,"Submitted 31 March, 2020; originally announced April 2020.","Main text: 13 pages (1-13), 3 figures, 1 table; Supplementary Information: 9 pages (14-22), 4 figures, 1 table"
Attempting to understand the spread of SARS-CoV-2: Associations between the number of cases in regions and selected economic and geographic parameters,"Asit Kumar Mishra, Pawel Wargocki",https://arxiv.org/abs/2004.00110,https://arxiv.org/pdf/2004.00110,"Submitted 2 April, 2020; v1 submitted 28 March, 2020; originally announced April 2020.","4 pages, 4 figures"
Propagation and mitigation of epidemics in a scale-free network,Gyula M. Szabó,https://arxiv.org/abs/2004.00067,https://arxiv.org/pdf/2004.00067,"Submitted 31 March, 2020; originally announced April 2020.","8 pages, 5 figures. Currently submitted to ArXiv only and waiting for comments"
COVID-19 Outbreak in Pakistan: Model-Driven Impact Analysis and Guidelines,"Kashif Zia, Umar Farooq",https://arxiv.org/abs/2004.00056,https://arxiv.org/pdf/2004.00056,"Submitted 31 March, 2020; originally announced April 2020.","12 pages, 6 figures"
"Grandpa, grandpa, tell me the one about Bitcoin being a safe haven: Evidence from the COVID-19 pandemics",Ladislav Kristoufek,https://arxiv.org/abs/2004.00047,https://arxiv.org/pdf/2004.00047,"Submitted 31 March, 2020; originally announced April 2020.","8 pages, 4 figures"
Strong correlations between power-law growth of COVID-19 in four continents and the inefficiency of soft quarantine strategies,"Cesar Manchein, Eduardo L. Brugnago, Rafael M. da Silva, Carlos F. O. Mendes, Marcus W. Beims",https://arxiv.org/abs/2004.00044,https://arxiv.org/pdf/2004.00044,"Submitted 31 March, 2020; originally announced April 2020.","10 pages, 4 figures"
Diagnosing COVID-19 Pneumonia from X-Ray and CT Images using Deep Learning and Transfer Learning Algorithms,"Halgurd S. Maghdid, Aras T. Asaad, Kayhan Zrar Ghafoor, Ali Safaa Sadiq, Muhammad Khurram Khan",https://arxiv.org/abs/2004.00038,https://arxiv.org/pdf/2004.00038,"Submitted 31 March, 2020; originally announced April 2020.","8 pages, 8 figures"
Perception of emergent epidemic of COVID-2019 / SARS CoV-2 on the Polish Internet,"Andrzej Jarynowski, Monika Wojta-Kempa, Vitaly Belik",https://arxiv.org/abs/2004.00005,https://arxiv.org/pdf/2004.00005,"Submitted 30 March, 2020; originally announced April 2020.",
Assessing Disease Exposure Risk With Location Histories And Protecting Privacy: A Cryptographic Approach In Response To A Global Pandemic,"Alex Berke, Michiel Bakker, Praneeth Vepakomma, Ramesh Raskar, Kent Larson, Alex `Sandy' Pentland",https://arxiv.org/abs/2003.14412,https://arxiv.org/pdf/2003.14412,"Submitted 31 March, 2020; originally announced March 2020.",
COVID-ResNet: A Deep Learning Framework for Screening of COVID19 from Radiographs,"Muhammad Farooq, Abdul Hafeez",https://arxiv.org/abs/2003.14395,https://arxiv.org/pdf/2003.14395,"Submitted 31 March, 2020; originally announced March 2020.","6 pages, 3 Figures,"
A Modified SIR Model for the COVID-19 Contagion in Italy,"Giuseppe C. Calafiore, Carlo Novara, Corrado Possieri",https://arxiv.org/abs/2003.14391,https://arxiv.org/pdf/2003.14391,"Submitted 31 March, 2020; originally announced March 2020.",
Automated Methods for Detection and Classification Pneumonia based on X-Ray Images Using Deep Learning,"Khalid El Asnaoui, Youness Chawki, Ali Idri",https://arxiv.org/abs/2003.14363,https://arxiv.org/pdf/2003.14363,"Submitted 31 March, 2020; originally announced March 2020.",
Efficient identification of infected sub-population,Anže Slosar,https://arxiv.org/abs/2003.14337,https://arxiv.org/pdf/2003.14337,"Submitted 31 March, 2020; originally announced March 2020.","2 pages, 1 table"
Estimating the infection horizon of COVID-19 in eight countries with a data-driven approach,"G. D. Barmparis, G. P. Tsironis",https://arxiv.org/abs/2003.14334,https://arxiv.org/pdf/2003.14334,"Submitted 1 April, 2020; v1 submitted 31 March, 2020; originally announced March 2020.",
Repurposed drugs for treating lung injury in COVID-19,"Bing He, Lana Garmire",https://arxiv.org/abs/2003.14333,https://arxiv.org/pdf/2003.14333,"Submitted 29 March, 2020; originally announced March 2020.",
Modeling and forecasting the Covid-19 pandemic in Brazil,"Saulo B. Bastos, Daniel O. Cajueiro",https://arxiv.org/abs/2003.14288,https://arxiv.org/pdf/2003.14288,"Submitted 31 March, 2020; originally announced March 2020.",
"The fractal time growth of COVID-19 pandemic: an accurate self-similar model, and urgent conclusions","Alfonso M. Ganan-Calvo, Juan A. Hernandez Ramos",https://arxiv.org/abs/2003.14284,https://arxiv.org/pdf/2003.14284,"Submitted 31 March, 2020; originally announced March 2020.",
Parametric analysis of early data on COVID-19 expansion in selected European countries,Martin Spousta,https://arxiv.org/abs/2003.14283,https://arxiv.org/pdf/2003.14283,"Submitted 31 March, 2020; originally announced March 2020.",
Nanomechanical sonification of the 2019-nCoV coronavirus spike protein through a materiomusical approach,Markus J. Buehler,https://arxiv.org/abs/2003.14258,https://arxiv.org/pdf/2003.14258,"Submitted 30 March, 2020; originally announced March 2020.","17 pages, 6 figures"
"A Fully Distributed, Privacy Respecting Approach for Back-tracking of Potentially Infectious Contacts",Adam Wolisz,https://arxiv.org/abs/2003.14243,https://arxiv.org/pdf/2003.14243,"Submitted 31 March, 2020; originally announced March 2020.",
Mobility Changes in Response to COVID-19,"Michael S. Warren, Samuel W. Skillman",https://arxiv.org/abs/2003.14228,https://arxiv.org/pdf/2003.14228,"Submitted 31 March, 2020; originally announced March 2020.","6 pages, 9 figures"
COVID-19 epidemic outcome predictions based on logistic fitting and estimation of its reliability,"Dávid Tátrai, Zoltán Várallyay",https://arxiv.org/abs/2003.14160,https://arxiv.org/pdf/2003.14160,"Submitted 31 March, 2020; originally announced March 2020.","15 pages, 6 figure, 1 long table"
Understanding the COVID19 Outbreak: A Comparative Data Analytics and Study,Anis Koubaa,https://arxiv.org/abs/2003.14150,https://arxiv.org/pdf/2003.14150,"Submitted 29 March, 2020; originally announced March 2020.",RIOTU Lab Technical Report
Social distancing versus early detection and contacts tracing in epidemic management,Giuseppe Gaeta,https://arxiv.org/abs/2003.14102,https://arxiv.org/pdf/2003.14102,"Submitted 31 March, 2020; originally announced March 2020.","12 pages, 7 figures"
"Asymptomatic infectives and
R
0
for COVID",Giuseppe Gaeta,https://arxiv.org/abs/2003.14098,https://arxiv.org/pdf/2003.14098,"Submitted 31 March, 2020; originally announced March 2020.","2 pages, no figures"
Optimising Lockdown Policies for Epidemic Control using Reinforcement Learning,"Harshad Khadilkar, Tanuja Ganu, Deva P Seetharam",https://arxiv.org/abs/2003.14093,https://arxiv.org/pdf/2003.14093,"Submitted 31 March, 2020; originally announced March 2020.",
Static vs accumulating priorities in healthcare queues under heavy loads,"Binyamin Oz, Seva Shneer, Ilze Ziedins",https://arxiv.org/abs/2003.14087,https://arxiv.org/pdf/2003.14087,"Submitted 31 March, 2020; originally announced March 2020.",
The propagation of the economic impact through supply chains: The case of a mega-city lockdown against the spread of COVID-19,"Hiroyasu Inoue, Yasuyuki Todo",https://arxiv.org/abs/2003.14002,https://arxiv.org/pdf/2003.14002,"Submitted 31 March, 2020; originally announced March 2020.",
Dynamic Modeling COVID-19 for Comparing Containment Strategies in a Pandemic Scenario,Min Lu,https://arxiv.org/abs/2003.13997,https://arxiv.org/pdf/2003.13997,"Submitted 31 March, 2020; originally announced March 2020.",
Effects of social distancing and isolation on epidemic spreading: a dynamical density functional theory model,"Michael te Vrugt, Jens Bickmann, Raphael Wittkowski",https://arxiv.org/abs/2003.13967,https://arxiv.org/pdf/2003.13967,"Submitted 31 March, 2020; originally announced March 2020.","10 pages, 3 figures"
COVID-19: A model for studying the evolution of contamination in Brazil,"Rodrigo A. Schulz, Carlos H. Coimbra-Araújo, Samuel W. S. Costiche",https://arxiv.org/abs/2003.13932,https://arxiv.org/pdf/2003.13932,"Submitted 2 April, 2020; v1 submitted 30 March, 2020; originally announced March 2020.","18 pages, 4 figures; corrected references and parameters"
A first look at COVID-19 information and misinformation sharing on Twitter,"Lisa Singh, Shweta Bansal, Leticia Bode, Ceren Budak, Guangqing Chi, Kornraphop Kawintiranon, Colton Padden, Rebecca Vanarsdall, Emily Vraga, Yanchen Wang",https://arxiv.org/abs/2003.13907,https://arxiv.org/pdf/2003.13907,"Submitted 30 March, 2020; originally announced March 2020.","24 pages, 13 figures"
COVID-19 infection and recovery in various countries: Modeling the dynamics and evaluating the non-pharmaceutical mitigation scenarios,"Yong Zhang, Xiangnan Yu, HongGuang Sun, Geoffrey R. Tick, Wei Wei, Bin Jin",https://arxiv.org/abs/2003.13901,https://arxiv.org/pdf/2003.13901,"Submitted 30 March, 2020; originally announced March 2020.","29 pages, 8 figures"
"Robust predictive model for Carriers, Infections and Recoveries (CIR): predicting death rates for CoVid-19 in Spain",Efren M. Benavides,https://arxiv.org/abs/2003.13890,https://arxiv.org/pdf/2003.13890,"Submitted 30 March, 2020; originally announced March 2020.","11 pages, 2 figures"
COVID-CT-Dataset: A CT Scan Dataset about COVID-19,"Jinyu Zhao, Yichen Zhang, Xuehai He, Pengtao Xie",https://arxiv.org/abs/2003.13865,https://arxiv.org/pdf/2003.13865,"Submitted 30 March, 2020; originally announced March 2020.",
Classification of COVID-19 in chest X-ray images using DeTraC deep convolutional neural network,"Asmaa Abbas, Mohammed M. Abdelsamea, Mohamed Medhat Gaber",https://arxiv.org/abs/2003.13815,https://arxiv.org/pdf/2003.13815,"Submitted 26 March, 2020; originally announced March 2020.",
Using VERA to explain the impact of social distancing on the spread of COVID-19,"William Broniec, Sungeun An, Spencer Rugaber, Ashok K. Goel",https://arxiv.org/abs/2003.13762,https://arxiv.org/pdf/2003.13762,"Submitted 30 March, 2020; originally announced March 2020.","6 figures, 1 table"
The D model for deaths by COVID-19,J. E. Amaro,https://arxiv.org/abs/2003.13747,https://arxiv.org/pdf/2003.13747,"Submitted 30 March, 2020; originally announced March 2020.","7 pages, 4 figures"
A physicist view of the airborne infection,"Luis A. Anchordoqui, Eugene M. Chudnovsky",https://arxiv.org/abs/2003.13689,https://arxiv.org/pdf/2003.13689,"Submitted 30 March, 2020; originally announced March 2020.","3 pages LateX, 2 pdf figures"
Anonymous Collocation Discovery:Taming the Coronavirus While Preserving Privacy,"Ran Canetti, Ari Trachtenberg, Mayank Varia",https://arxiv.org/abs/2003.13670,https://arxiv.org/pdf/2003.13670,"Submitted 1 April, 2020; v1 submitted 30 March, 2020; originally announced March 2020.",updated metadata to reflect paper; corrected a typo in the paper title; fleshed out explanations of some items in the original version; added warning
Genomics-guided molecular maps of coronavirus targets in human cells: a path toward the repurposing of existing drugs to mitigate the pandemic,Gennadi Glinsky,https://arxiv.org/abs/2003.13665,https://arxiv.org/pdf/2003.13665,"Submitted 30 March, 2020; originally announced March 2020.",
Structural analysis of SARS-CoV-2 and prediction of the human interactome,"Andrea Vandelli, Michele Monti, Edoardo Milanetti, Riccardo Delli Ponti, Gian Gaetano Tartaglia",https://arxiv.org/abs/2003.13655,https://arxiv.org/pdf/2003.13655,"Submitted 30 March, 2020; originally announced March 2020.","23 pages, 5 figures"
Coronavirus Optimization Algorithm: A bioinspired metaheuristic based on the COVID-19 propagation model,"F. Martínez-Álvarez, G. Asencio-Cortés, J. F. Torres, D. Gutiérrez-Avilés, L. Melgar-García, R. Pérez-Chacón, C. Rubio-Escudero, J. C. Riquelme, A. Troncoso",https://arxiv.org/abs/2003.13633,https://arxiv.org/pdf/2003.13633,"Submitted 30 March, 2020; originally announced March 2020.","26 pages, 3 figures"
Solvable delay model for epidemic spreading: the case of Covid-19 in Italy,Luca Dell'Anna,https://arxiv.org/abs/2003.13571,https://arxiv.org/pdf/2003.13571,"Submitted 30 March, 2020; originally announced March 2020.","8 pages, 3 figures"
Sex Differences in Severity and Mortality Among Patients With COVID-19: Evidence from Pooled Literature Analysis and Insights from Integrated Bioinformatic Analysis,"Xiyi Wei, Yu-Tian Xiao, Jian Wang, Rui Chen, Wei Zhang, Yue Yang, Daojun Lv, Chao Qin, Di Gu, Bo Zhang, Weidong Chen, Jianquan Hou, Ninghong Song, Guohua Zeng, Shancheng Ren",https://arxiv.org/abs/2003.13547,https://arxiv.org/pdf/2003.13547,"Submitted 30 March, 2020; originally announced March 2020.","43 pages, 5 figures, 4 tables, 6 supplementary figures, 4 supplementary tables"
Dynamics of the COVID-19 -- Comparison between the Theoretical Predictions and Real Data,Giorgio Sonnino,https://arxiv.org/abs/2003.13540,https://arxiv.org/pdf/2003.13540,"Submitted 2 April, 2020; v1 submitted 30 March, 2020; originally announced March 2020.","16 pages, 11 figures, 2 tables"
Accelerated infection testing at scale: a proposal for inference with single test on multiple patients,"Tarun Jain, Bijendra Nath Jain",https://arxiv.org/abs/2003.13282,https://arxiv.org/pdf/2003.13282,"Submitted 30 March, 2020; originally announced March 2020.",8 pages
Planning as Inference in Epidemiological Models,"Frank Wood, Andrew Warrington, Saeid Naderiparizi, Christian Weilbach, Vaden Masrani, William Harvey, Adam Scibior, Boyan Beronov, Ali Nasseri",https://arxiv.org/abs/2003.13221,https://arxiv.org/pdf/2003.13221,"Submitted 2 April, 2020; v1 submitted 30 March, 2020; originally announced March 2020.",minor typos corrected
Epidemic spreading on spatial networks with distance-dependent connectivity,Matúš Medo,https://arxiv.org/abs/2003.13160,https://arxiv.org/pdf/2003.13160,"Submitted 29 March, 2020; originally announced March 2020.","4 pages, comments welcome"
Can AI help in screening Viral and COVID-19 pneumonia?,"Muhammad E. H. Chowdhury, Tawsifur Rahman, Amith Khandakar, Rashid Mazhar, Muhammad Abdul Kadir, Zaid Bin Mahbub, Khandakar R. Islam, Muhammad Salman Khan, Atif Iqbal, Nasser Al-Emadi, Mamun Bin Ibne Reaz",https://arxiv.org/abs/2003.13145,https://arxiv.org/pdf/2003.13145,"Submitted 29 March, 2020; originally announced March 2020.","Submitted to Scientific Reports, 14 pages, 6 Figure & 4 Supplementary Figures"
"Efficient Noise-Blind
ℓ
1
-Regression of Nonnegative Compressible Signals","Hendrik Bernd Petersen, Bubacarr Bah, Peter Jung",https://arxiv.org/abs/2003.13092,https://arxiv.org/pdf/2003.13092,"Submitted 29 March, 2020; originally announced March 2020.","22 pages, 15 figures, 1 table, 1 algorithm, 1.3 pages of references, 2 pages of figures"
Adjoint-based Data Assimilation of an Epidemiology Model for the Covid-19 Pandemic in 2020,Jörn Lothar Sesterhenn,https://arxiv.org/abs/2003.13071,https://arxiv.org/pdf/2003.13071,"Submitted 29 March, 2020; originally announced March 2020.",
Convex Recovery of Marked Spatio-Temporal Point Processes,"Anatoli Juditsky, Arkadi Nemirovski, Liyan Xie, Yao Xie",https://arxiv.org/abs/2003.12935,https://arxiv.org/pdf/2003.12935,"Submitted 28 March, 2020; originally announced March 2020.",
Build-at-home UV-C disinfection system for healthcare settings,"Rosemary C. She, Dongyu Chen, Pil Pak, Deniz K. Armani, Andreas Schubert, Andrea M. Armani",https://arxiv.org/abs/2003.12916,https://arxiv.org/pdf/2003.12916,"Submitted 1 April, 2020; v1 submitted 28 March, 2020; originally announced March 2020.","7 pages, 4 figures"
SARS-CoV-2 (COVID-19) by the numbers,"Yinon M. Bar-On, Avi I. Flamholz, Rob Phillips, Ron Milo",https://arxiv.org/abs/2003.12886,https://arxiv.org/pdf/2003.12886,"Submitted 30 March, 2020; v1 submitted 28 March, 2020; originally announced March 2020.",
A phenomenological approach to COVID-19 spread in a population,Anantanarayanan Thyagaraja,https://arxiv.org/abs/2003.12781,https://arxiv.org/pdf/2003.12781,"Submitted 28 March, 2020; originally announced March 2020.","12 pages, 5 figures"
Knowledge synthesis from 100 million biomedical documents augments the deep expression profiling of coronavirus receptors,"AJ Venkatakrishnan, Arjun Puranik, Akash Anand, David Zemmour, Xiang Yao, Xiaoying Wu, Ramakrishna Chilaka, Dariusz K. Murakowski, Kristopher Standish, Bharathwaj Raghunathan, Tyler Wagner, Enrique Garcia-Rivera, Hugo Solomon, Abhinav Garg, Rakesh Barve, Anuli Anyanwu-Ofili, Najat Khan, Venky Soundararajan",https://arxiv.org/abs/2003.12773,https://arxiv.org/pdf/2003.12773,"Submitted 28 March, 2020; originally announced March 2020.",5 figures
On the Evolution of Covid-19 in Italy: a Follow up Note,"Giuseppe Dattoli, Emanuele Di Palma, Silvia Licciardi, Elio Sabia",https://arxiv.org/abs/2003.12667,https://arxiv.org/pdf/2003.12667,"Submitted 27 March, 2020; originally announced March 2020.","10 pages, 28 figures"
How the world's collective attention is being paid to a pandemic: COVID-19 related 1-gram time series for 24 languages on Twitter,"T. Alshaabi, J. R. Minot, M. V. Arnold, J. L. Adams, D. R. Dewhurst, A. J. Reagan, R. Muhamad, C. M. Danforth, P. S. Dodds",https://arxiv.org/abs/2003.12614,https://arxiv.org/pdf/2003.12614,"Submitted 27 March, 2020; originally announced March 2020.","13 pages, 6 figures, 4 tables"
Electrical probing of COVID-19 spike protein receptor binding domain via a graphene field-effect transistor,"Xiaoyan Zhang, Qige Qi, Qiushi Jing, Shen Ao, Zhihong Zhang, Mingchao Ding, Muhong Wu, Kaihui Liu, Weipeng Wang, Yunhan Ling, Zhengjun Zhang, Wangyang Fu",https://arxiv.org/abs/2003.12529,https://arxiv.org/pdf/2003.12529,"Submitted 27 March, 2020; originally announced March 2020.",2 figures
How macroscopic laws describe complex dynamics: asymptomatic population and CoviD-19 spreading,"D. Lanteri, D. Carco', P. Castorina",https://arxiv.org/abs/2003.12457,https://arxiv.org/pdf/2003.12457,"Submitted 27 March, 2020; originally announced March 2020.",
Possibility of Disinfection of SARS-CoV-2 (COVID-19) in Human Respiratory Tract by Controlled Ethanol Vapor Inhalation,Tsumoru Shintake,https://arxiv.org/abs/2003.12444,https://arxiv.org/pdf/2003.12444,"Submitted 14 March, 2020; originally announced March 2020.","This paper is related to COVID-19 corona virus outbreak, happening today March 2020. https://www.elsevier.com/connect/coronavirus-information-center is collecting preprints. Medical doctor and our research scientists, including me, are trying this method for four weeks, no side effects are reported, no one infected with corona virus till today"
The CoRisk-Index: A data-mining approach to identify industry-specific risk assessments related to COVID-19 in real-time,"Fabian Stephany, Niklas Stoehr, Philipp Darius, Leonie Neuhäuser, Ole Teutloff, Fabian Braesemann",https://arxiv.org/abs/2003.12432,https://arxiv.org/pdf/2003.12432,"Submitted 30 March, 2020; v1 submitted 27 March, 2020; originally announced March 2020.","preprint of working paper, interactive dashboard: www.oxford.berlin/CoRisk"
Temperature dependence of COVID-19 transmission,Alessio Notari,https://arxiv.org/abs/2003.12417,https://arxiv.org/pdf/2003.12417,"Submitted 3 April, 2020; v1 submitted 27 March, 2020; originally announced March 2020.","5 pages, 5 figures. Updated with improved analysis, leading to higher significance. Analysis with extended dataset added"
Splitting one ventilator for multiple patients -- a technical assessment,"C. Tronstad, T. Martinsen, M. Olsen, L. A. Rosseland, F. J. Pettersen, Ø. G. Martinsen, J. O. Høgetveit, H. Kalvøy",https://arxiv.org/abs/2003.12349,https://arxiv.org/pdf/2003.12349,"Submitted 27 March, 2020; originally announced March 2020.","16 pages, 10 figures"
Mobile phone data and COVID-19: Missing an opportunity?,"Nuria Oliver, Emmanuel Letouzé, Harald Sterly, Sébastien Delataille, Marco De Nadai, Bruno Lepri, Renaud Lambiotte, Richard Benjamins, Ciro Cattuto, Vittoria Colizza, Nicolas de Cordes, Samuel P. Fraiberger, Till Koebe, Sune Lehmann, Juan Murillo, Alex Pentland, Phuong N Pham, Frédéric Pivetta, Albert Ali Salah, Jari Saramäki, Samuel V. Scarpino, Michele Tizzoni, Stefaan Verhulst, Patrick Vinck",https://arxiv.org/abs/2003.12347,https://arxiv.org/pdf/2003.12347,"Submitted 27 March, 2020; originally announced March 2020.",
COVID-19 Screening on Chest X-ray Images Using Deep Learning based Anomaly Detection,"Jianpeng Zhang, Yutong Xie, Yi Li, Chunhua Shen, Yong Xia",https://arxiv.org/abs/2003.12338,https://arxiv.org/pdf/2003.12338,"Submitted 27 March, 2020; originally announced March 2020.",
Coronavirus on Social Media: Analyzing Misinformation in Twitter Conversations,"Karishma Sharma, Sungyong Seo, Chuizheng Meng, Sirisha Rambhatla, Aastha Dua, Yan Liu",https://arxiv.org/abs/2003.12309,https://arxiv.org/pdf/2003.12309,"Submitted 26 March, 2020; originally announced March 2020.",
"α
-Satellite: An AI-driven System and Benchmark Datasets for Hierarchical Community-level Risk Assessment to Help Combat COVID-19","Yanfang Ye, Shifu Hou, Yujie Fan, Yiyue Qian, Yiming Zhang, Shiyu Sun, Qian Peng, Kenneth Laparo",https://arxiv.org/abs/2003.12232,https://arxiv.org/pdf/2003.12232,"Submitted 27 March, 2020; originally announced March 2020.",
Comprehensive Named Entity Recognition on CORD-19 with Distant or Weak Supervision,"Xuan Wang, Xiangchen Song, Yingjun Guan, Bangzheng Li, Jiawei Han",https://arxiv.org/abs/2003.12218,https://arxiv.org/pdf/2003.12218,"Submitted 29 March, 2020; v1 submitted 26 March, 2020; originally announced March 2020.",
Distant sequence similarity between hepcidin and the novel coronavirus spike glycoprotein: a potential hint at the possibility of local iron dysregulation in COVID-19,Sepehr Ehsani,https://arxiv.org/abs/2003.12191,https://arxiv.org/pdf/2003.12191,"Submitted 26 March, 2020; originally announced March 2020.","8 pages, 1 figure"
Data analysis and modeling of the evolution of COVID-19 in Brazil,Nuno Crokidakis,https://arxiv.org/abs/2003.12150,https://arxiv.org/pdf/2003.12150,"Submitted 26 March, 2020; originally announced March 2020.","10 pages, 2 figures"
Coronavirus Geographic Dissemination at Chicago and its Potential Proximity to Public Commuter Rail,Peter Fang,https://arxiv.org/abs/2003.12143,https://arxiv.org/pdf/2003.12143,"Submitted 24 March, 2020; originally announced March 2020.",
Modelling Recovered Cases and Death Probabilities for the COVID-19 Outbreak,Robert Schaback,https://arxiv.org/abs/2003.12068,https://arxiv.org/pdf/2003.12068,"Submitted 26 March, 2020; originally announced March 2020.",6 figures
Age-structured impact of social distancing on the COVID-19 epidemic in India,"Rajesh Singh, R. Adhikari",https://arxiv.org/abs/2003.12055,https://arxiv.org/pdf/2003.12055,"Submitted 26 March, 2020; originally announced March 2020.","Code and updates at https://github.com/rajeshrinet/pyross. 9 pages, 5 figures, and 2 tables"
Why case fatality ratios can be misleading: individual- and population-based mortality estimates and factors influencing them,"Lucas Böttcher, Mingtao Xia, Tom Chou",https://arxiv.org/abs/2003.12032,https://arxiv.org/pdf/2003.12032,"Submitted 2 April, 2020; v1 submitted 26 March, 2020; originally announced March 2020.","17 pp, 6 figures + Supplementary Information"
Quantitative assessment of the role of undocumented infection in the 2019 novel coronavirus (COVID-19) pandemic,"Yong-Shang Long, Zheng-Meng Zhai, Li-Lei Han, Jie Kang, Yi-Lin Li, Zhao-Hua Lin, Lang Zeng, Da-Yu Wu, Chang-Qing Hao, Ming Tang, Zonghua Liu, Ying-Cheng Lai",https://arxiv.org/abs/2003.12028,https://arxiv.org/pdf/2003.12028,"Submitted 26 March, 2020; originally announced March 2020.","20 pages, 7 figures"
Prediction of number of cases expected and estimation of the final size of coronavirus epidemic in India using the logistic model and genetic algorithm,"Ganesh Kumar M, Soman K. P, Gopalakrishnan E. A, Vijay Krishna Menon, Sowmya V",https://arxiv.org/abs/2003.12017,https://arxiv.org/pdf/2003.12017,"Submitted 26 March, 2020; originally announced March 2020.",
Short-term predictions of country-specific Covid-19 infection rates based on power law scaling exponents,H. M. Singer,https://arxiv.org/abs/2003.11997,https://arxiv.org/pdf/2003.11997,"Submitted 26 March, 2020; originally announced March 2020.","6 pages, 8 figures"
Severity Assessment of Coronavirus Disease 2019 (COVID-19) Using Quantitative Features from Chest CT Images,"Zhenyu Tang, Wei Zhao, Xingzhi Xie, Zheng Zhong, Feng Shi, Jun Liu, Dinggang Shen",https://arxiv.org/abs/2003.11988,https://arxiv.org/pdf/2003.11988,"Submitted 26 March, 2020; originally announced March 2020.",
Purim: a rapid method with reduced cost for massive detection of CoVid-19,"Benjamin Isac Fargion, Daniele Fargion, Pier Giorgio De Sanctis Lucentini, Emanuele Habib",https://arxiv.org/abs/2003.11975,https://arxiv.org/pdf/2003.11975,"Submitted 26 March, 2020; originally announced March 2020.","7 pages, 7 figures"
A simple Stochastic SIR model for COVID 19 Infection Dynamics for Karnataka: Learning from Europe,"Ashutosh Simha, R. Venkatesha Prasad, Sujay Narayana",https://arxiv.org/abs/2003.11920,https://arxiv.org/pdf/2003.11920,"Submitted 29 March, 2020; v1 submitted 26 March, 2020; originally announced March 2020.",
Attacking the Covid-19 with the Ising-model and the Fermi-Dirac Distribution Function,"Lucas Squillante, Isys F. Mello, Antonio C. Seridonio, M. de Souza",https://arxiv.org/abs/2003.11860,https://arxiv.org/pdf/2003.11860,"Submitted 26 March, 2020; originally announced March 2020.","15 pages, 2 figures, 1 table"
"Coronavirus disease 2019 (COVID-19) outbreak in China, spatial temporal dataset","Wenyuan Liu, Peter Tsung-Wen Yen, Siew Ann Cheong",https://arxiv.org/abs/2003.11716,https://arxiv.org/pdf/2003.11716,"Submitted 25 March, 2020; originally announced March 2020.",
Covid-19: Automatic detection from X-Ray images utilizing Transfer Learning with Convolutional Neural Networks,"Ioannis D. Apostolopoulos, Tzani Bessiana",https://arxiv.org/abs/2003.11617,https://arxiv.org/pdf/2003.11617,"Submitted 25 March, 2020; originally announced March 2020.",
"The modelling of COVID19 pathways sheds light on mechanisms, opportunities and on controversial interpretations of medical treatments. v2",Maria Luisa Chiusano,https://arxiv.org/abs/2003.11614,https://arxiv.org/pdf/2003.11614,"Submitted 25 March, 2020; originally announced March 2020.",
COVID-19 Image Data Collection,"Joseph Paul Cohen, Paul Morrison, Lan Dao",https://arxiv.org/abs/2003.11597,https://arxiv.org/pdf/2003.11597,"Submitted 25 March, 2020; originally announced March 2020.",Dataset available here: https://github.com/ieee8023/covid-chestxray-dataset
Contact Tracing Mobile Apps for COVID-19: Privacy Considerations and Related Trade-offs,"Hyunghoon Cho, Daphne Ippolito, Yun William Yu",https://arxiv.org/abs/2003.11511,https://arxiv.org/pdf/2003.11511,"Submitted 30 March, 2020; v1 submitted 25 March, 2020; originally announced March 2020.","12 pages, 1 table, 1 figure"
Diffusion as a First Model of Spread of Viral Infection,Paulo H. Acioli,https://arxiv.org/abs/2003.11449,https://arxiv.org/pdf/2003.11449,"Submitted 25 March, 2020; originally announced March 2020.",
Epidemiological study of novel coronavirus (COVID-19),"Jagadish Kumar, K. P. S. S. Hembram",https://arxiv.org/abs/2003.11376,https://arxiv.org/pdf/2003.11376,"Submitted 25 March, 2020; originally announced March 2020.","9 pages, 8 figures"
Mathematical Modeling of Epidemic Diseases; A Case Study of the COVID-19 Coronavirus,Reza Sameni,https://arxiv.org/abs/2003.11371,https://arxiv.org/pdf/2003.11371,"Submitted 25 March, 2020; originally announced March 2020.","11 pages, 8 figures"
Some numerical observations about the COVID-19 epidemic in Italy,Federico Zullo,https://arxiv.org/abs/2003.11363,https://arxiv.org/pdf/2003.11363,"Submitted 25 March, 2020; originally announced March 2020.","10 pages, 7 figures"
Mapping the Landscape of Artificial Intelligence Applications against COVID-19,"Joseph Bullock, Alexandra, Luccioni, Katherine Hoffmann Pham, Cynthia Sin Nga Lam, Miguel Luengo-Oroz",https://arxiv.org/abs/2003.11336,https://arxiv.org/pdf/2003.11336,"Submitted 25 March, 2020; originally announced March 2020.",14 pages
Statistical investigation of relationship between spread of coronavirus disease (COVID-19) and environmental factors based on study of four mostly affected places of China and five mostly affected places of Italy,Soumyabrata Bhattacharjee,https://arxiv.org/abs/2003.11277,https://arxiv.org/pdf/2003.11277,"Submitted 25 March, 2020; originally announced March 2020.",
SIR Model for COVID-19 calibrated with existing data and projected for Colombia,Carlos Armando De Castro,https://arxiv.org/abs/2003.11230,https://arxiv.org/pdf/2003.11230,"Submitted 25 March, 2020; originally announced March 2020.","9 pages, 10 figures"
Susceptible-Infected-Recovered (SIR) Dynamics of COVID-19 and Economic Impact,Alexis Akira Toda,https://arxiv.org/abs/2003.11221,https://arxiv.org/pdf/2003.11221,"Submitted 26 March, 2020; v1 submitted 25 March, 2020; originally announced March 2020.",
"What is the people posting about symptoms related to Coronavirus in Bogota, Colombia?","Josimar E. Chire Saire, Roberto C. Navarro",https://arxiv.org/abs/2003.11159,https://arxiv.org/pdf/2003.11159,"Submitted 24 March, 2020; originally announced March 2020.","The paper has 3 pages, two columns. If the paper does not fit Information Networks field, you may suggest one"
Management strategies in a SEIR model of COVID 19 community spread,"Anca Radulescu, Kieran Cavanagh",https://arxiv.org/abs/2003.11150,https://arxiv.org/pdf/2003.11150,"Submitted 25 March, 2020; v1 submitted 24 March, 2020; originally announced March 2020.","11 pages, 9 color figures, 1 appendix"
Logistic approximations used to describe new outbreaks in the 2020 COVID-19 pandemic,Apiano F. Morais,https://arxiv.org/abs/2003.11149,https://arxiv.org/pdf/2003.11149,"Submitted 24 March, 2020; originally announced March 2020.","5 figures, 1 table"
COVID-19 and Computer Audition: An Overview on What Speech & Sound Analysis Could Contribute in the SARS-CoV-2 Corona Crisis,"Björn W. Schuller, Dagmar M. Schuller, Kun Qian, Juan Liu, Huaiyuan Zheng, Xiao Li",https://arxiv.org/abs/2003.11117,https://arxiv.org/pdf/2003.11117,"Submitted 24 March, 2020; originally announced March 2020.",
In-Silico evidence for two receptors based strategy of SARS-CoV-2,"Edoardo Milanetti, Mattia Miotto, Lorenzo Di Rienzo, Michele Monti, Giorgio Gosti, Giancarlo Ruocco",https://arxiv.org/abs/2003.11107,https://arxiv.org/pdf/2003.11107,"Submitted 3 April, 2020; v1 submitted 24 March, 2020; originally announced March 2020.","10 pages, 4 figures"
Phenomenological analysis of the 2020 COVID-19 outbreak dynamics,Borko Stosic,https://arxiv.org/abs/2003.11094,https://arxiv.org/pdf/2003.11094,"Submitted 24 March, 2020; originally announced March 2020.",
Covid-19 Tweeting in English: Gender Differences,"Mike Thelwall, Saheeda Thelwall",https://arxiv.org/abs/2003.11090,https://arxiv.org/pdf/2003.11090,"Submitted 24 March, 2020; originally announced March 2020.",
COVIDX-Net: A Framework of Deep Learning Classifiers to Diagnose COVID-19 in X-Ray Images,"Ezz El-Din Hemdan, Marwa A. Shouman, Mohamed Esmail Karar",https://arxiv.org/abs/2003.11055,https://arxiv.org/pdf/2003.11055,"Submitted 24 March, 2020; originally announced March 2020.","14 pages, 5 figures, 3 tables"
Exploring the Effect of 2019-nCoV Containment Policies on Crime: The Case of Los Angeles,"Gian Maria Campedelli, Alberto Aziani, Serena Favarin",https://arxiv.org/abs/2003.11021,https://arxiv.org/pdf/2003.11021,"Submitted 23 March, 2020; originally announced March 2020.","39 pages, 2 figures. We will update the analysis of this paper bi-weekly as to continue monitoring the effects of the policies on crime"
"The Second Worldwide Wave of Interest in Coronavirus since the COVID-19 Outbreaks in South Korea, Italy and Iran: A Google Trends Study",Artur Strzelecki,https://arxiv.org/abs/2003.10998,https://arxiv.org/pdf/2003.10998,"Submitted 24 March, 2020; originally announced March 2020.","4 pages, 1 figure, 2 tables"
Genotyping coronavirus SARS-CoV-2: methods and implications,Changchuan Yin,https://arxiv.org/abs/2003.10965,https://arxiv.org/pdf/2003.10965,"Submitted 24 March, 2020; originally announced March 2020.",
Market structure dynamics during COVID-19 outbreak,"Pier Francesco Procacci, Carolyn E. Phelan, Tomaso Aste",https://arxiv.org/abs/2003.10922,https://arxiv.org/pdf/2003.10922,"Submitted 23 March, 2020; originally announced March 2020.","1 page, figures"
A simplified model for expected development of the SARS-CoV-2 (Corona) spread in Germany and US after social distancing,Franz-Josef Schmitt,https://arxiv.org/abs/2003.10891,https://arxiv.org/pdf/2003.10891,"Submitted 25 March, 2020; v1 submitted 24 March, 2020; originally announced March 2020.","8 pages, 4 figures"
Is a COVID19 Quarantine Justified in Chile or USA Right Now?,"R. I. Gonzalez, F. Munoz, P. S. Moya, M. Kiwi",https://arxiv.org/abs/2003.10879,https://arxiv.org/pdf/2003.10879,"Submitted 24 March, 2020; originally announced March 2020.",
Automatic Detection of Coronavirus Disease (COVID-19) Using X-ray Images and Deep Convolutional Neural Networks,"Ali Narin, Ceren Kaya, Ziynet Pamuk",https://arxiv.org/abs/2003.10849,https://arxiv.org/pdf/2003.10849,"Submitted 24 March, 2020; originally announced March 2020.","The manuscript has 17 pages, 8 figures and 1 table"
Finding an Accurate Early Forecasting Model from Small Dataset: A Case of 2019-nCoV Novel Coronavirus Outbreak,"Simon James Fong, Gloria Li, Nilanjan Dey, Rubén González Crespo, Enrique Herrera-Viedma",https://arxiv.org/abs/2003.10776,https://arxiv.org/pdf/2003.10776,"Submitted 24 March, 2020; originally announced March 2020.",9 pages
Estimating Uncertainty and Interpretability in Deep Learning for Coronavirus (COVID-19) Detection,"Biraja Ghoshal, Allan Tucker",https://arxiv.org/abs/2003.10769,https://arxiv.org/pdf/2003.10769,"Submitted 27 March, 2020; v1 submitted 22 March, 2020; originally announced March 2020.",
Mechanistic-statistical SIR modelling for early estimation of the actual number of cases and mortality rate from COVID-19,"Lionel Roques, Etienne Klein, Julien Papaix, Samuel Soubeyrand",https://arxiv.org/abs/2003.10720,https://arxiv.org/pdf/2003.10720,"Submitted 25 March, 2020; v1 submitted 24 March, 2020; originally announced March 2020.",in French
A time series method to analyze incidence pattern and estimate reproduction number of COVID-19,"Soudeep Deb, Manidipa Majumdar",https://arxiv.org/abs/2003.10655,https://arxiv.org/pdf/2003.10655,"Submitted 24 March, 2020; originally announced March 2020.",
Personalized workflow to identify optimal T-cell epitopes for peptide-based vaccines against COVID-19,"Rui Qiao, Ngoc Hieu Tran, Baozhen Shan, Ali Ghodsi, Ming Li",https://arxiv.org/abs/2003.10650,https://arxiv.org/pdf/2003.10650,"Submitted 24 March, 2020; originally announced March 2020.",
In Silico Investigations on the Potential Inhibitors for COVID-19 Protease,"Ambrish Kumar Srivastava, Abhishek Kumar, Gargi Tiwari, Ratnesh Kumar, Neeraj Misra",https://arxiv.org/abs/2003.10642,https://arxiv.org/pdf/2003.10642,"Submitted 23 March, 2020; originally announced March 2020.",
A simple iterative map forecast of the COVID-19 pandemic,"André E. Botha, Wynand Dednam",https://arxiv.org/abs/2003.10532,https://arxiv.org/pdf/2003.10532,"Submitted 2 April, 2020; v1 submitted 23 March, 2020; originally announced March 2020.","7 pages, 2 figures, 2 tables, full article"
Covid-19: Data analysis of the Lombardy region and the provinces of Bergamo and Brescia,"Marco Picariello, Paola Aliani",https://arxiv.org/abs/2003.10518,https://arxiv.org/pdf/2003.10518,"Submitted 23 March, 2020; originally announced March 2020.","8 pages, 10 figures"
Translational Knowledge Map of COVID-19,"Cesar Aguado-Cortés, Victor M. Castaño",https://arxiv.org/abs/2003.10434,https://arxiv.org/pdf/2003.10434,"Submitted 21 March, 2020; originally announced March 2020.",
Mechanical Ventilator Milano (MVM): A Novel Mechanical Ventilator Designed for Mass Scale Production in Response to the COVID-19 Pandemics,"C. Galbiati, A. Abba, P. Agnes, P. Amaudruz, M. Arba, G. Batignani, G. Bellani, MD, D. Bishop, V. Bocci, W. Bonivento, B. Bottino, M. Bouchard, S. Bussino, A. Caminata, A. Capra, M. Caravati, M. Carlini, L. Carrozzi, B. Celano, C. Charette, S. Coelli, M. Constable, G. Croci, S. Cudmore",https://arxiv.org/abs/2003.10405,https://arxiv.org/pdf/2003.10405,"Submitted 31 March, 2020; v1 submitted 23 March, 2020; originally announced March 2020.",
COVID-19 attack rate increases with city size,"Andrew J. Stier, Marc G. Berman, Luis M. A. Bettencourt",https://arxiv.org/abs/2003.10376,https://arxiv.org/pdf/2003.10376,"Submitted 29 March, 2020; v1 submitted 23 March, 2020; originally announced March 2020.",
Understanding the perception of COVID-19 policies by mining a multilanguage Twitter dataset,"Christian E. Lopez, Malolan Vasu, Caleb Gallemore",https://arxiv.org/abs/2003.10359,https://arxiv.org/pdf/2003.10359,"Submitted 23 March, 2020; originally announced March 2020.",https://github.com/lopezbec/COVID19_Tweets_Dataset
Attention U-Net Based Adversarial Architectures for Chest X-ray Lung Segmentation,"Gusztáv Gaál, Balázs Maga, András Lukács",https://arxiv.org/abs/2003.10304,https://arxiv.org/pdf/2003.10304,"Submitted 23 March, 2020; originally announced March 2020.","7 pages, 4 figures"
Proximity: a recipe to break the outbreak,"Marco Faggian, Michele Urbani, Luca Zanotto",https://arxiv.org/abs/2003.10222,https://arxiv.org/pdf/2003.10222,"Submitted 2 April, 2020; v1 submitted 23 March, 2020; originally announced March 2020.",
Modelling transmission and control of the COVID-19 pandemic in Australia,"Sheryl L. Chang, Nathan Harding, Cameron Zachreson, Oliver M. Cliff, Mikhail Prokopenko",https://arxiv.org/abs/2003.10218,https://arxiv.org/pdf/2003.10218,"Submitted 1 April, 2020; v1 submitted 23 March, 2020; originally announced March 2020.","27 pages, 13 figures, version 2 includes new Appendix F"
Eliminating COVID-19: A Community-based Analysis,"Alexander F. Siegenfeld, Yaneer Bar-Yam",https://arxiv.org/abs/2003.10086,https://arxiv.org/pdf/2003.10086,"Submitted 23 March, 2020; originally announced March 2020.",
Predicting the evolution Of SARS-Covid-2 in Portugal using an adapted SIR Model previously used in South Korea for the MERS outbreak,Pedro Teles,https://arxiv.org/abs/2003.10047,https://arxiv.org/pdf/2003.10047,"Submitted 22 March, 2020; originally announced March 2020.","12 pages, 5 figures"
A model to forecast the evolution of the number of COVID-19 symptomatic patiens after drastic isolation measures,Luis Alvarez,https://arxiv.org/abs/2003.10017,https://arxiv.org/pdf/2003.10017,"Submitted 22 March, 2020; originally announced March 2020.",
Boosting test-efficiency by pooled testing strategies for SARS-CoV-2,"Rudolf Hanel, Stefan Thurner",https://arxiv.org/abs/2003.09944,https://arxiv.org/pdf/2003.09944,"Submitted 22 March, 2020; originally announced March 2020.","2 figures; figure one with 2, figure 2 with 3 panes"
On Fast Multi-Shot Epidemic Interventions for Post Lock-Down Mitigation: Implications for Simple Covid-19 Models,"Michelangelo Bin, Peter Cheung, Emanuele Crisostomi, Pietro Ferraro, Connor Myant, Thomas Parisini, Robert Shorten",https://arxiv.org/abs/2003.09930,https://arxiv.org/pdf/2003.09930,"Submitted 28 March, 2020; v1 submitted 22 March, 2020; originally announced March 2020.",Version 3: more refined numerical results are now included using hybrid systems integration solver [2]
Preliminary analysis of COVID-19 spread in Italy with an adaptive SEIRD model,"Elena Loli Piccolomini, Fabiana Zama",https://arxiv.org/abs/2003.09909,https://arxiv.org/pdf/2003.09909,"Submitted 22 March, 2020; originally announced March 2020.",
A multi-region variant of the SIR model,"Luigi Brugnano, Felice Iavernaro",https://arxiv.org/abs/2003.09875,https://arxiv.org/pdf/2003.09875,"Submitted 31 March, 2020; v1 submitted 22 March, 2020; originally announced March 2020.",3 pages (a typo fixed)
COVID-Net: A Tailored Deep Convolutional Neural Network Design for Detection of COVID-19 Cases from Chest Radiography Images,"Linda Wang, Alexander Wong",https://arxiv.org/abs/2003.09871,https://arxiv.org/pdf/2003.09871,"Submitted 30 March, 2020; v1 submitted 22 March, 2020; originally announced March 2020.",7 pages
Composite Monte Carlo Decision Making under High Uncertainty of Novel Coronavirus Epidemic Using Hybridized Deep Learning and Fuzzy Rule Induction,"Simon James Fong, Gloria Li, Nilanjan Dey, Ruben Gonzalez Crespo, Enrique Herrera-Viedma",https://arxiv.org/abs/2003.09868,https://arxiv.org/pdf/2003.09868,"Submitted 22 March, 2020; originally announced March 2020.",19 pages
"English dictionaries, gold and silver standard corpora for biomedical natural language processing related to SARS-CoV-2 and COVID-19","Salma Kazemi Rashed, Johan Frid, Sonja Aits",https://arxiv.org/abs/2003.09865,https://arxiv.org/pdf/2003.09865,"Submitted 22 March, 2020; originally announced March 2020.","5 pages, 1 table, 7 supplementary files (available online)"
A SIDARTHE Model of COVID-19 Epidemic in Italy,"Giulia Giordano, Franco Blanchini, Raffaele Bruno, Patrizio Colaneri, Alessandro Di Filippo, Angela Di Matteo, Marta Colaneri, the COVID19 IRCCS San Matteo Pavia Task Force",https://arxiv.org/abs/2003.09861,https://arxiv.org/pdf/2003.09861,"Submitted 22 March, 2020; originally announced March 2020.",
Large-Scale Screening of COVID-19 from Community Acquired Pneumonia using Infection Size-Aware Classification,"Feng Shi, Liming Xia, Fei Shan, Dijia Wu, Ying Wei, Huan Yuan, Huiting Jiang, Yaozong Gao, He Sui, Dinggang Shen",https://arxiv.org/abs/2003.09860,https://arxiv.org/pdf/2003.09860,"Submitted 22 March, 2020; originally announced March 2020.",
Forecasting and evaluating intervention of Covid-19 in the World,"Zixin Hu, Qiyang Ge, Shudi Li, Eric Boerwincle, Li Jin, Momiao Xiong",https://arxiv.org/abs/2003.09800,https://arxiv.org/pdf/2003.09800,"Submitted 21 March, 2020; originally announced March 2020.","28 pages, 5 figures and 5 tables. arXiv admin note: text overlap with arXiv:2002.07112"
Estimation of Basic Reproduction Number of the COVID-19 Epidemic in Denmark using a Two-Step Model,Jan Brink Valentin,https://arxiv.org/abs/2003.09775,https://arxiv.org/pdf/2003.09775,"Submitted 25 March, 2020; v1 submitted 21 March, 2020; originally announced March 2020.",
Network structure of COVID-19 spread and the lacuna in India's testing strategy,"Anand Sahasranaman, Nishanth Kumar",https://arxiv.org/abs/2003.09715,https://arxiv.org/pdf/2003.09715,"Submitted 21 March, 2020; originally announced March 2020.","9 pages, 4 figures"
Window of Opportunity for Mitigation to Prevent Overflow of ICU capacity in Chicago by COVID-19,"Sergei Maslov, Nigel Goldenfeld",https://arxiv.org/abs/2003.09564,https://arxiv.org/pdf/2003.09564,"Submitted 20 March, 2020; originally announced March 2020.",
Novel Coronavirus COVID-19 Strike on Arab Countries and Territories: A Situation Report I,Omar Reyad,https://arxiv.org/abs/2003.09501,https://arxiv.org/pdf/2003.09501,"Submitted 20 March, 2020; originally announced March 2020.","3 pages, 2 figures, 1 table, Situation Report"
A simple mathematical model for the evolution of the corona virus,Stefan Tappe,https://arxiv.org/abs/2003.09477,https://arxiv.org/pdf/2003.09477,"Submitted 20 March, 2020; originally announced March 2020.","6 pages, 4 figures"
On a quarantine model of coronavirus infection and data analysis,"Vitaly Volpert, Malay Banerjee, Sergei Petrovskii",https://arxiv.org/abs/2003.09444,https://arxiv.org/pdf/2003.09444,"Submitted 20 March, 2020; originally announced March 2020.","& pages, 4 figures"
Coronavirus (COVID-19) Classification using CT Images by Machine Learning Methods,"Mucahid Barstugan, Umut Ozkaya, Saban Ozturk",https://arxiv.org/abs/2003.09424,https://arxiv.org/pdf/2003.09424,"Submitted 20 March, 2020; originally announced March 2020.",The paper has 10 pages
"Neural Network aided quarantine control model estimation of COVID spread in Wuhan, China","Raj Dandekar, George Barbastathis",https://arxiv.org/abs/2003.09403,https://arxiv.org/pdf/2003.09403,"Submitted 18 March, 2020; originally announced March 2020.",9 pages including references. 8 figures
"The early phase of the COVID-19 outbreak in Lombardy, Italy","Cereda D, Tirani M, Rovida F, Demicheli V, Ajelli M, Poletti P, Trentini F, Guzzetta G, Marziano V, Barone A, Magoni M, Deandrea S, Diurno G, Lombardo M, Faccini M, Pan A, Bruno R, Pariani E, Grasselli G, Piatti A, Gramegna M, Baldanti F, Melegaro A, Merler S",https://arxiv.org/abs/2003.09320,https://arxiv.org/pdf/2003.09320,"Submitted 20 March, 2020; originally announced March 2020.",
New statistical model for misreported data with application to current public health challenges,"David Moriña, Amanda Fernández-Fontelo, Alejandra Cabaña, Pedro Puig",https://arxiv.org/abs/2003.09202,https://arxiv.org/pdf/2003.09202,"Submitted 20 March, 2020; originally announced March 2020.",
Masked Face Recognition Dataset and Application,"Zhongyuan Wang, Guangcheng Wang, Baojin Huang, Zhangyang Xiong, Qi Hong, Hao Wu, Peng Yi, Kui Jiang, Nanxi Wang, Yingjiao Pei, Heling Chen, Yu Miao, Zhibing Huang, Jinbi Liang",https://arxiv.org/abs/2003.09093,https://arxiv.org/pdf/2003.09093,"Submitted 23 March, 2020; v1 submitted 20 March, 2020; originally announced March 2020.",
Trend analysis of the COVID-19 pandemic in China and the rest of the world,"Albertine Weber, Flavio Ianelli, Sebastian Goncalves",https://arxiv.org/abs/2003.09032,https://arxiv.org/pdf/2003.09032,"Submitted 19 March, 2020; originally announced March 2020.",
Ostwald growth rate in controlled Covid-19 epidemic spreading as in arrested growth in quantum complex matter,"Antonio Bianconi, Augusto Marcelli, Gaetano Campi, Andrea Perali",https://arxiv.org/abs/2003.08868,https://arxiv.org/pdf/2003.08868,"Submitted 29 March, 2020; v1 submitted 19 March, 2020; originally announced March 2020.","2 figures, 7 pages"
A COVID-19 Epidemiological Model for Community and Policy Maker Use,Alex De Visscher,https://arxiv.org/abs/2003.08824,https://arxiv.org/pdf/2003.08824,"Submitted 22 March, 2020; v1 submitted 19 March, 2020; originally announced March 2020.","21 pages, includes source code; revision: errors corrected in eqs. (15)-(17)"
A simple SIR model with a large set of asymptomatic infectives,Giuseppe Gaeta,https://arxiv.org/abs/2003.08720,https://arxiv.org/pdf/2003.08720,"Submitted 19 March, 2020; originally announced March 2020.",30 pages
A Note on the Evolution of Covid-19 in Italy,"Giuseppe Dattoli, Emanuele Di Palma, Silvia Licciardi, Elio Sabia",https://arxiv.org/abs/2003.08684,https://arxiv.org/pdf/2003.08684,"Submitted 19 March, 2020; originally announced March 2020.","10 pages, 11 figures"
Comparative analysis of the diffusion of Covid-19 infection in different countries,Fabio Miletto Granozio,https://arxiv.org/abs/2003.08661,https://arxiv.org/pdf/2003.08661,"Submitted 18 March, 2020; originally announced March 2020.","5 pages, four figures (total 9 panels="
Identifying and Correcting Bias from Time- and Severity- Dependent Reporting Rates in the Estimation of the COVID-19 Case Fatality Rate,"Anastasios Nikolas Angelopoulos, Reese Pathak, Rohit Varma, Michael I. Jordan",https://arxiv.org/abs/2003.08592,https://arxiv.org/pdf/2003.08592,"Submitted 25 March, 2020; v1 submitted 19 March, 2020; originally announced March 2020.",In review
Apps Gone Rogue: Maintaining Personal Privacy in an Epidemic,"Ramesh Raskar, Isabel Schunemann, Rachel Barbar, Kristen Vilcans, Jim Gray, Praneeth Vepakomma, Suraj Kapa, Andrea Nuzzo, Rajiv Gupta, Alex Berke, Dazza Greenwood, Christian Keegan, Shriank Kanaparti, Robson Beaudry, David Stansbury, Beatriz Botero Arcila, Rishank Kanaparti, Vitor Pamplona, Francesco M Benedetti, Alina Clough, Riddhiman Das, Kaushal Jain, Khahlil Louisy, Greg Nadeau, Vitor Pamplona",https://arxiv.org/abs/2003.08567,https://arxiv.org/pdf/2003.08567,"Submitted 19 March, 2020; originally announced March 2020.",15 pages
Bi-stability of SUDR+K model of epidemics and test kits applied to COVID-19,"Vinko Zlatić, Irena Barjašić, Andrea Kadović, Hrvoje Štefančić, Andrea Gabrielli",https://arxiv.org/abs/2003.08479,https://arxiv.org/pdf/2003.08479,"Submitted 18 March, 2020; originally announced March 2020.","6 pages, 7 figures"
Potential Neutralizing Antibodies Discovered for Novel Corona Virus Using Machine Learning,"Rishikesh Magar, Prakarsh Yadav, Amir Barati Farimani",https://arxiv.org/abs/2003.08447,https://arxiv.org/pdf/2003.08447,"Submitted 18 March, 2020; originally announced March 2020.",We have computationally predicted the neutralizing candidates against COVID -19 using machine learning techniques. The main paper is 25 pages(4 figures) and Supporting information is 10 pages(5 figures)
Spatio-temporal propagation of COVID-19 epidemics,"Bnaya Gross, Zhiguo Zheng, Shiyan Liu, Xiaoqi Chen, Alon Sela, Jianxin Li, Daqing Li, Shlomo Havlin",https://arxiv.org/abs/2003.08382,https://arxiv.org/pdf/2003.08382,"Submitted 18 March, 2020; originally announced March 2020.",
Reactive Social distancing in a SIR model of epidemics such as COVID-19,Rose Baker,https://arxiv.org/abs/2003.08285,https://arxiv.org/pdf/2003.08285,"Submitted 18 March, 2020; originally announced March 2020.","7 pages, 3 figures"
Short-term predictions and prevention strategies for COVID-2019: A model based study,"Sk Shahid Nadim, Indrajit Ghosh, Joydev Chattopadhyay",https://arxiv.org/abs/2003.08150,https://arxiv.org/pdf/2003.08150,"Submitted 18 March, 2020; originally announced March 2020.",NA
Tracking COVID-19 using online search,"Vasileios Lampos, Simon Moura, Elad Yom-Tov, Michael Edelstein, Maimuna Majumder, Rachel A. McKendry, Ingemar J. Cox",https://arxiv.org/abs/2003.08086,https://arxiv.org/pdf/2003.08086,"Submitted 28 March, 2020; v1 submitted 18 March, 2020; originally announced March 2020.","Working paper (7 pages, 3 figures)"
Laser Spectroscopic Technique for Direct Identification of a Single Virus I: FASTER CARS,"V. Deckert, T. Deckert-Gaudig, D. Cialla, J. Popp, R. Zell, A. V. Sokolov, Z. Yi, M. O. Scully",https://arxiv.org/abs/2003.07951,https://arxiv.org/pdf/2003.07951,"Submitted 17 March, 2020; originally announced March 2020.","16 pages, 3 figures"
Epilocal: a real-time tool for local epidemic monitoring,Marco Bonetti,https://arxiv.org/abs/2003.07928,https://arxiv.org/pdf/2003.07928,"Submitted 17 March, 2020; originally announced March 2020.","6 pages, 2 figures, link to R code"
Predicting the ultimate outcome of the COVID-19 outbreak in Italy,Gabor Vattay,https://arxiv.org/abs/2003.07912,https://arxiv.org/pdf/2003.07912,"Submitted 31 March, 2020; v1 submitted 17 March, 2020; originally announced March 2020.",2 pages
"Day Level Forecasting for Coronavirus Disease (COVID-19) Spread: Analysis, Modeling and Recommendations","Haytham H. Elmousalami, Aboul Ella Hassanien",https://arxiv.org/abs/2003.07778,https://arxiv.org/pdf/2003.07778,"Submitted 15 March, 2020; originally announced March 2020.","19 pages, 19 figure 2 tables"
Machine Learning the Phenomenology of COVID-19 From Early Infection Dynamics,Malik Magdon-Ismail,https://arxiv.org/abs/2003.07602,https://arxiv.org/pdf/2003.07602,"Submitted 3 April, 2020; v1 submitted 17 March, 2020; originally announced March 2020.",Test data up to April 02. Reorganized a little
Do COVID-19 and crude oil prices drive the US economic policy uncertainty?,Claudiu Albulescu,https://arxiv.org/abs/2003.07591,https://arxiv.org/pdf/2003.07591,"Submitted 17 March, 2020; originally announced March 2020.",
A Novel AI-enabled Framework to Diagnose Coronavirus COVID 19 using Smartphone Embedded Sensors: Design Study,"Halgurd S. Maghdid, Kayhan Zrar Ghafoor, Ali Safaa Sadiq, Kevin Curran, Khaled Rabie",https://arxiv.org/abs/2003.07434,https://arxiv.org/pdf/2003.07434,"Submitted 16 March, 2020; originally announced March 2020.",
COVID-19: The First Public Coronavirus Twitter Dataset,"Emily Chen, Kristina Lerman, Emilio Ferrara",https://arxiv.org/abs/2003.07372,https://arxiv.org/pdf/2003.07372,"Submitted 16 March, 2020; originally announced March 2020.",
Calibrated Intervention and Containment of the COVID-19 Pandemic,"Liang Tian, Xuefei Li, Fei Qi, Qian-Yuan Tang, Viola Tang, Jiang Liu, Zhiyuan Li, Xingye Cheng, Xuanxuan Li, Yingchen Shi, Haiguang Liu, Lei-Han Tang",https://arxiv.org/abs/2003.07353,https://arxiv.org/pdf/2003.07353,"Submitted 2 April, 2020; v1 submitted 16 March, 2020; originally announced March 2020.","31 pages, 4 figures"
Building a COVID-19 Vulnerability Index,"Dave DeCaprio, Joseph Gartner, Thadeus Burgess, Sarthak Kothari, Shaayan Sayed, Carol J. McCall",https://arxiv.org/abs/2003.07347,https://arxiv.org/pdf/2003.07347,"Submitted 23 March, 2020; v1 submitted 16 March, 2020; originally announced March 2020.",ACM Class:
The effect of interurban movements on the spatial distribution of population in China,"Jiachen Ye, Qitong Hu, Peng Ji, Marc Barthelemy",https://arxiv.org/abs/2003.07276,https://arxiv.org/pdf/2003.07276,"Submitted 16 March, 2020; originally announced March 2020.","15 pages, 6 figures (+supp. material with 14 figures)"
A Machine Learning Application for Raising WASH Awareness in the Times of Covid-19 Pandemic,"Rohan Pandey, Vaibhav Gautam, Kanav Bhagat, Tavpritesh Sethi",https://arxiv.org/abs/2003.07074,https://arxiv.org/pdf/2003.07074,"Submitted 16 March, 2020; originally announced March 2020.","7 pages, 5 figures, 3 tables"
Covid-19 spread: Reproduction of data and prediction using a SIR model on Euclidean network,"Kathakali Biswas, Abdul Khaleque, Parongama Sen",https://arxiv.org/abs/2003.07063,https://arxiv.org/pdf/2003.07063,"Submitted 16 March, 2020; originally announced March 2020.","4 pages, 3 figures"
Can the COVID-19 epidemic be managed on the basis of daily data?,Francesco Casella,https://arxiv.org/abs/2003.06967,https://arxiv.org/pdf/2003.06967,"Submitted 15 March, 2020; originally announced March 2020.",15 pages
Understanding Epidemic Data and Statistics: A case study of COVID-19,"Amirhoshang Hoseinpour Dehkordi, Majid Alizadeh, Pegah Derakhshan, Peyman Babazadeh, Arash Jahandideh",https://arxiv.org/abs/2003.06933,https://arxiv.org/pdf/2003.06933,"Submitted 15 March, 2020; originally announced March 2020.","18 pages, 12 figures"
Propagation analysis and prediction of the COVID-19,"Lixiang Li, Zihang Yang, Zhongkai Dang, Cui Meng, Jingze Huang, Hao Tian Meng, Deyu Wang, Guanhua Chen, Jiaxuan Zhang, Haipeng Peng",https://arxiv.org/abs/2003.06846,https://arxiv.org/pdf/2003.06846,"Submitted 15 March, 2020; originally announced March 2020.",
Predicting COVID-19 distribution in Mexico through a discrete and time-dependent Markov chain and an SIR-like model,Alfonso Vivanco-Lira,https://arxiv.org/abs/2003.06758,https://arxiv.org/pdf/2003.06758,"Submitted 15 March, 2020; originally announced March 2020.","19 pages, 5 figures, 1 table"
Modelling and predicting the spatio-temporal spread of Coronavirus disease 2019 (COVID-19) in Italy,"Diego Giuliani, Maria Michela Dickson, Giuseppe Espa, Flavio Santi",https://arxiv.org/abs/2003.06664,https://arxiv.org/pdf/2003.06664,"Submitted 20 March, 2020; v1 submitted 14 March, 2020; originally announced March 2020.",
SIR Model-based Prediction of Infected Population of Coronavirus in Hubei Province,"Jun Zhang, Lihong Wang, Ji Wang",https://arxiv.org/abs/2003.06419,https://arxiv.org/pdf/2003.06419,"Submitted 10 March, 2020; originally announced March 2020.","Chinese with English abstract. 5 Figures, 1 Table"
Weather-inspired ensemble-based probabilistic prediction of COVID-19,Roberto Buizza,https://arxiv.org/abs/2003.06418,https://arxiv.org/pdf/2003.06418,"Submitted 29 March, 2020; v1 submitted 10 March, 2020; originally announced March 2020.",
A Note on Early Epidemiological Analysis of Coronavirus Disease 2019 Outbreak using Crowdsourced Data,Giuseppe Arbia,https://arxiv.org/abs/2003.06207,https://arxiv.org/pdf/2003.06207,"Submitted 13 March, 2020; originally announced March 2020.",
Coronavirus and oil price crash,Claudiu Albulescu,https://arxiv.org/abs/2003.06184,https://arxiv.org/pdf/2003.06184,"Submitted 20 March, 2020; v1 submitted 13 March, 2020; originally announced March 2020.",
SARS-CoV-2 Entry Genes Are Most Highly Expressed in Nasal Goblet and Ciliated Cells within Human Airways,"Waradon Sungnak, Ni Huang, Christophe Bécavin, Marijn Berg, HCA Lung Biological Network",https://arxiv.org/abs/2003.06122,https://arxiv.org/pdf/2003.06122,"Submitted 13 March, 2020; originally announced March 2020.",
"Analysis and forecast of COVID-19 spreading in China, Italy and France","Duccio Fanelli, Francesco Piazza",https://arxiv.org/abs/2003.06031,https://arxiv.org/pdf/2003.06031,"Submitted 12 March, 2020; originally announced March 2020.",
"School closures, event cancellations, and the mesoscopic localization of epidemics in networks with higher-order structure","Guillaume St-Onge, Vincent Thibeault, Antoine Allard, Louis J. Dubé, Laurent Hébert-Dufresne",https://arxiv.org/abs/2003.05924,https://arxiv.org/pdf/2003.05924,"Submitted 12 March, 2020; originally announced March 2020.",6 pages. 2 figures
Reconfiguring health services to reduce the workload of caregivers during the COVID-19 outbreak using an open-source scalable platform for remote digital monitoring and coordination of care in hospital Command Centres,"Philippe Ravaud, Franck le Ouay, Etienne Depaulis, Alexandre Huckert, Bruno Vegreville, Viet-Thi Tran",https://arxiv.org/abs/2003.05873,https://arxiv.org/pdf/2003.05873,"Submitted 12 March, 2020; originally announced March 2020.","4 pages, 1 figure"
Generalized logistic growth modeling of the COVID-19 outbreak in 29 provinces in China and in the rest of the world,"Ke Wu, Didier Darcet, Qian Wang, Didier Sornette",https://arxiv.org/abs/2003.05681,https://arxiv.org/pdf/2003.05681,"Submitted 12 March, 2020; originally announced March 2020.",
Rational evaluation of various epidemic models based on the COVID-19 data of China,"Wuyue Yang, Dongyan Zhang, Liangrong Peng, Changjing Zhuge, Liu Hong",https://arxiv.org/abs/2003.05666,https://arxiv.org/pdf/2003.05666,"Submitted 12 March, 2020; originally announced March 2020.","18 pages, 5 figures, 2 tables"
Similarities and Evolutionary Relationships of COVID-19 and Related Viruses,"Yanni Li, Bing Liu, Jiangtao Cui, Zhi Wang, Yulong Shen, Yueshen Xu, Kaicheng Yao, Yuanfang Guan",https://arxiv.org/abs/2003.05580,https://arxiv.org/pdf/2003.05580,"Submitted 20 March, 2020; v1 submitted 11 March, 2020; originally announced March 2020.",
Pathogen Infection Recovery Probability (PIRP) Versus Proinflammatory Anti-Pathogen Species (PIAPS) Levels: Modelling and Therapeutic Strategies,Sam-Shajing Sun,https://arxiv.org/abs/2003.05507,https://arxiv.org/pdf/2003.05507,"Submitted 18 March, 2020; v1 submitted 11 March, 2020; originally announced March 2020.","7 pages, 2 figures, 1 equation"
Prediction and analysis of Coronavirus Disease 2019,"Lin Jia, Kewen Li, Yu Jiang, Xin Guo, Ting zhao",https://arxiv.org/abs/2003.05447,https://arxiv.org/pdf/2003.05447,"Submitted 16 March, 2020; v1 submitted 11 March, 2020; originally announced March 2020.",
Mapping active allosteric loci SARS-CoV Spike Proteins by means of Protein Contact Networks,"Luisa Di Paola, Alessandro Giuliani",https://arxiv.org/abs/2003.05200,https://arxiv.org/pdf/2003.05200,"Submitted 11 March, 2020; originally announced March 2020.","13 pages, 2 figures, 2 tables"
Rapid AI Development Cycle for the Coronavirus (COVID-19) Pandemic: Initial Results for Automated Detection & Patient Monitoring using Deep Learning CT Image Analysis,"Ophir Gozes, Maayan Frid-Adar, Hayit Greenspan, Patrick D. Browning, Huangqi Zhang, Wenbin Ji, Adam Bernheim, Eliot Siegel",https://arxiv.org/abs/2003.05037,https://arxiv.org/pdf/2003.05037,"Submitted 24 March, 2020; v1 submitted 10 March, 2020; originally announced March 2020.","19 pages, 6 figures"
The COVID-19 Social Media Infodemic,"Matteo Cinelli, Walter Quattrociocchi, Alessandro Galeazzi, Carlo Michele Valensise, Emanuele Brugnoli, Ana Lucia Schmidt, Paola Zola, Fabiana Zollo, Antonio Scala",https://arxiv.org/abs/2003.05004,https://arxiv.org/pdf/2003.05004,"Submitted 10 March, 2020; originally announced March 2020.",
High Temperature and High Humidity Reduce the Transmission of COVID-19,"Jingyuan Wang, Ke Tang, Kai Feng, Weifeng Lv",https://arxiv.org/abs/2003.05003,https://arxiv.org/pdf/2003.05003,"Submitted 3 April, 2020; v1 submitted 9 March, 2020; originally announced March 2020.",
Lung Infection Quantification of COVID-19 in CT Images with Deep Learning,"Fei Shan, Yaozong Gao, Jun Wang, Weiya Shi, Nannan Shi, Miaofei Han, Zhong Xue, Dinggang Shen, Yuxin Shi",https://arxiv.org/abs/2003.04655,https://arxiv.org/pdf/2003.04655,"Submitted 30 March, 2020; v1 submitted 10 March, 2020; originally announced March 2020.","23 pages, 6 figures"
"Old Drugs for Newly Emerging Viral Disease, COVID-19: Bioinformatic Prospective",Mohammad Reza Dayer,https://arxiv.org/abs/2003.04524,https://arxiv.org/pdf/2003.04524,"Submitted 9 March, 2020; originally announced March 2020.","16 pages, 3 Figures, 3 Tables, New Results"
Coronavirus and financial volatility: 40 days of fasting and fear,Claudiu Albulescu,https://arxiv.org/abs/2003.04005,https://arxiv.org/pdf/2003.04005,"Submitted 9 March, 2020; originally announced March 2020.",
Coronavirus Perceptions And Economic Anxiety,"Thiemo Fetzer, Lukas Hensel, Johannes Hermle, Christopher Roth",https://arxiv.org/abs/2003.03848,https://arxiv.org/pdf/2003.03848,"Submitted 19 March, 2020; v1 submitted 8 March, 2020; originally announced March 2020.",
Data Analysis for the COVID-19 early dynamics in Northern Italy. The effect of first restrictive measures,Giuseppe Gaeta,https://arxiv.org/abs/2003.03775,https://arxiv.org/pdf/2003.03775,"Submitted 8 March, 2020; originally announced March 2020.","13 pages, 5 figures"
Spatiotemporal fluctuation scaling law and metapopulation modeling of the novel coronavirus (COVID-19) and SARS outbreaks,Zhanshan Ma,https://arxiv.org/abs/2003.03714,https://arxiv.org/pdf/2003.03714,"Submitted 7 March, 2020; originally announced March 2020.",
Flight restrictions from China during the COVID-2019 Coronavirus outbreak,"Stefano Maria Iacus, Fabrizio Natale, Michele Vespe",https://arxiv.org/abs/2003.03686,https://arxiv.org/pdf/2003.03686,"Submitted 7 March, 2020; originally announced March 2020.",
Space-time dependence of corona virus (COVID-19) outbreak,"Kathakali Biswas, Parongama Sen",https://arxiv.org/abs/2003.03149,https://arxiv.org/pdf/2003.03149,"Submitted 6 March, 2020; originally announced March 2020.","3 pages, 5 figures"
Modeling the Control of COVID-19: Impact of Policy Interventions and Meteorological Factors,"Jiwei Jia, Jian Ding, Siyu Liu, Guidong Liao, Jingzhi Li, Ben Duan, Guoqing Wang, Ran Zhang",https://arxiv.org/abs/2003.02985,https://arxiv.org/pdf/2003.02985,"Submitted 5 March, 2020; originally announced March 2020.",
From plague to coronavirus: On the value of ship traffic data for epidemic modeling,"Katherine Hoffmann Pham, Miguel Luengo-Oroz",https://arxiv.org/abs/2003.02253,https://arxiv.org/pdf/2003.02253,"Submitted 4 March, 2020; originally announced March 2020.","5 pages, 3 figures"
Data analysis for the COVID-19 early dynamics in Northern Italy,Giuseppe Gaeta,https://arxiv.org/abs/2003.02062,https://arxiv.org/pdf/2003.02062,"Submitted 5 March, 2020; v1 submitted 4 March, 2020; originally announced March 2020.","15 pages, 8 Figures. Analyzed data go until March 2 version 2: typos corrected, discussion of SIR corrected and enlarged; data analyzed remain the same"
"Advertisers Jump on Coronavirus Bandwagon: Politics, News, and Business","Yelena Mejova, Kyriaki Kalimeri",https://arxiv.org/abs/2003.00923,https://arxiv.org/pdf/2003.00923,"Submitted 2 March, 2020; originally announced March 2020.",Preprint. Under Review
Regulation of interferon production as a potential strategy for COVID-19 treatment,"Xiaobing Deng, Xiaoyu Yu, Jianfeng Pei",https://arxiv.org/abs/2003.00751,https://arxiv.org/pdf/2003.00751,"Submitted 2 March, 2020; originally announced March 2020.","9 pages, 3 figure"
Prediction of potential commercially inhibitors against SARS-CoV-2 by multi-task deep model,"Fan Hu, Jiaxin Jiang, Peng Yin",https://arxiv.org/abs/2003.00728,https://arxiv.org/pdf/2003.00728,"Submitted 2 March, 2020; originally announced March 2020.",
Data analysis on Coronavirus spreading by macroscopic growth laws,"P. Castorina, A. Iorio, D. Lanteri",https://arxiv.org/abs/2003.00507,https://arxiv.org/pdf/2003.00507,"Submitted 1 April, 2020; v1 submitted 1 March, 2020; originally announced March 2020.",8 figures
Control Efficacy on COVID-19,"Duanbing Chen, Tao Zhou",https://arxiv.org/abs/2003.00305,https://arxiv.org/pdf/2003.00305,"Submitted 29 February, 2020; originally announced March 2020.","18 pages, 5 figures, 1 table"
"COVID-19 Docking Server: An interactive server for docking small molecules, peptides and antibodies against potential targets of COVID-19","Ren Kong, Guangbo Yang, Rui Xue, Ming Liu, Feng Wang, Jianping Hu, Xiaoqiang Guo, Shan Chang",https://arxiv.org/abs/2003.00163,https://arxiv.org/pdf/2003.00163,"Submitted 28 February, 2020; originally announced March 2020.",
A Time-dependent SIR model for COVID-19 with Undetectable Infected Persons,"Yi-Cheng Chen, Ping-En Lu, Cheng-Shang Chang, Tzu-Hsuan Liu",https://arxiv.org/abs/2003.00122,https://arxiv.org/pdf/2003.00122,"Submitted 30 March, 2020; v1 submitted 28 February, 2020; originally announced March 2020.","9 pages, 8 figures, The latest version will be placed on http://gibbs1.ee.nthu.edu.tw/A_TIME_DEPENDENT_SIR_MODEL_FOR_COVID_19.PDF"
Viewing the Progression of the Novel Corona Virus (COVID-19) with NewsStand,"John Kastner, Hong Wei, Hanan Samet",https://arxiv.org/abs/2003.00107,https://arxiv.org/pdf/2003.00107,"Submitted 25 March, 2020; v1 submitted 28 February, 2020; originally announced March 2020.",
Predicting the cumulative number of cases for the COVID-19 epidemic in China from early data,"Zhihua Liu, Pierre Magal, Ousmane Seydi, Glenn Webb",https://arxiv.org/abs/2002.12298,https://arxiv.org/pdf/2002.12298,"Submitted 27 February, 2020; originally announced February 2020.",
Simulating the Spread of Epidemics in China on the Multi-layer Transportation Network: Beyond the Coronavirus in Wuhan,Tianyi Li,https://arxiv.org/abs/2002.12280,https://arxiv.org/pdf/2002.12280,"Submitted 27 February, 2020; originally announced February 2020.","12 pages, 7 figures"
"How many infections of COVID-19 there will be in the ""Diamond Princess""-Predicted by a virus transmission model based on the simulation of crowd flow","Zhiming Fang, Zhongyi Huang, Xiaolian Li, Jun Zhang, Wei Lv, Lei Zhuang, Xingpeng Xu, Nan Huang",https://arxiv.org/abs/2002.10616,https://arxiv.org/pdf/2002.10616,"Submitted 24 February, 2020; originally announced February 2020.",
The Reconstruction and Prediction Algorithm of the Fractional TDD for the Local Outbreak of COVID-19,"Yu Chen, Jin Cheng, Xiaoying Jiang, Xiang Xu",https://arxiv.org/abs/2002.10302,https://arxiv.org/pdf/2002.10302,"Submitted 24 February, 2020; originally announced February 2020.",
Inhibition of the Main Protease 3CL-pro of the Coronavirus Disease 19 via Structure-Based Ligand Design and Molecular Modeling,"Marina Macchiagodena, Marco Pagliai, Piero Procacci",https://arxiv.org/abs/2002.09937,https://arxiv.org/pdf/2002.09937,"Submitted 2 March, 2020; v1 submitted 23 February, 2020; originally announced February 2020.","main paper: 14 pages, 5 figures, 1 Table Supporting Information: 18 pages, 1 table, 7 figures"
The Outbreak Evaluation of COVID-19 in Wuhan District of China,"Yimin Zhou, Zuguo Chen, Xiangdong Wu, Zengwu Tian, Liang Cheng, Lingjian Ye",https://arxiv.org/abs/2002.09640,https://arxiv.org/pdf/2002.09640,"Submitted 22 February, 2020; originally announced February 2020.","7 pages, 18 figures"
Deep Learning System to Screen Coronavirus Disease 2019 Pneumonia,"Xiaowei Xu, Xiangao Jiang, Chunlian Ma, Peng Du, Xukun Li, Shuangzhi Lv, Liang Yu, Yanfei Chen, Junwei Su, Guanjing Lang, Yongtao Li, Hong Zhao, Kaijin Xu, Lingxiang Ruan, Wei Wu",https://arxiv.org/abs/2002.09334,https://arxiv.org/pdf/2002.09334,"Submitted 21 February, 2020; originally announced February 2020.",
Scaling features in the spreading of COVID-19,"Ming Li, Jie Chen, Youjin Deng",https://arxiv.org/abs/2002.09199,https://arxiv.org/pdf/2002.09199,"Submitted 25 February, 2020; v1 submitted 21 February, 2020; originally announced February 2020.","7 pages, 5 figures"
"Phylogenetic analyses of the severe acute respiratory syndrome coronavirus 2 reflected the several routes of introduction to Taiwan, the United States, and Japan","Tomoko Matsuda, Hikoyu Suzuki, Norichika Ogata",https://arxiv.org/abs/2002.08802,https://arxiv.org/pdf/2002.08802,"Submitted 28 February, 2020; v1 submitted 20 February, 2020; originally announced February 2020.","9 pages, 4 figures and 4 tables"
Effective containment explains sub-exponential growth in confirmed cases of recent COVID-19 outbreak in Mainland China,"Benjamin F. Maier, Dirk Brockmann",https://arxiv.org/abs/2002.07572,https://arxiv.org/pdf/2002.07572,"Submitted 18 February, 2020; originally announced February 2020.","9 pages, 3 figures"
Artificial Intelligence Forecasting of Covid-19 in China,"Zixin Hu, Qiyang Ge, Shudi Li, Li Jin, Momiao Xiong",https://arxiv.org/abs/2002.07112,https://arxiv.org/pdf/2002.07112,"Submitted 1 March, 2020; v1 submitted 17 February, 2020; originally announced February 2020.","14 pages, 5 figures, 1 table"
Visual Data Analysis and Simulation Prediction for COVID-19,"Baoquan Chen, Mingyi Shi, Xingyu Ni, Liangwang Ruan, Hongda Jiang, Heyuan Yao, Mengdi Wang, Zhenhua Song, Qiang Zhou, Tong Ge",https://arxiv.org/abs/2002.07096,https://arxiv.org/pdf/2002.07096,"Submitted 6 March, 2020; v1 submitted 14 February, 2020; originally announced February 2020.","19 pages, 21 figures, revised English version and originally Chinese version"
Epidemic analysis of COVID-19 in China by dynamical modeling,"Liangrong Peng, Wuyue Yang, Dongyan Zhang, Changjing Zhuge, Liu Hong",https://arxiv.org/abs/2002.06563,https://arxiv.org/pdf/2002.06563,"Submitted 16 February, 2020; originally announced February 2020.","18 pages, 5 figures, 1 table"
Structural modeling of 2019-novel coronavirus (nCoV) spike protein reveals a proteolytically-sensitive activation loop as a distinguishing feature compared to SARS-CoV and related SARS-like coronaviruses,"Javier A. Jaimes, Nicole M. Andre, Jean K. Millet, Gary R. Whittaker",https://arxiv.org/abs/2002.06196,https://arxiv.org/pdf/2002.06196,"Submitted 13 February, 2020; originally announced February 2020.",
Trend and forecasting of the COVID-19 outbreak in China,"Qiang Li, Wei Feng",https://arxiv.org/abs/2002.05866,https://arxiv.org/pdf/2002.05866,"Submitted 13 February, 2020; originally announced February 2020.","12 figures, 10 pages"
Testing Case Number of Coronavirus Disease 2019 in China with Newcomb-Benford Law,Junyi Zhang,https://arxiv.org/abs/2002.05695,https://arxiv.org/pdf/2002.05695,"Submitted 13 February, 2020; originally announced February 2020.",
Abnormal respiratory patterns classifier may contribute to large-scale screening of people infected with COVID-19 in an accurate and unobtrusive manner,"Yunlu Wang, Menghan Hu, Qingli Li, Xiao-Ping Zhang, Guangtao Zhai, Nan Yao",https://arxiv.org/abs/2002.05534,https://arxiv.org/pdf/2002.05534,"Submitted 12 February, 2020; originally announced February 2020.",
Insights from early mathematical models of 2019-nCoV acute respiratory disease (COVID-19) dynamics,Jomar F. Rabajante,https://arxiv.org/abs/2002.05296,https://arxiv.org/pdf/2002.05296,"Submitted 28 February, 2020; v1 submitted 12 February, 2020; originally announced February 2020.",35 pages
"Real-time forecasts of the 2019-nCoV epidemic in China from February 5th to February 24th, 2020","K. Roosa, Y. Lee, R. Luo, A. Kirpich, R. Rothenberg, J. M. Hyman, P. Yan, G. Chowell",https://arxiv.org/abs/2002.05069,https://arxiv.org/pdf/2002.05069,"Submitted 12 February, 2020; originally announced February 2020.",6 figures
Predictions of 2019-nCoV Transmission Ending via Comprehensive Methods,"Tianyu Zeng, Yunong Zhang, Zhenyu Li, Xiao Liu, Binbin Qiu",https://arxiv.org/abs/2002.04945,https://arxiv.org/pdf/2002.04945,"Submitted 20 February, 2020; v1 submitted 12 February, 2020; originally announced February 2020.",
Forecast of the evolution of the contagious disease caused by novel coronavirus (2019-nCoV) in China,"Javier Gamero, Juan A. Tamayo, Juan A. Martinez-Roman",https://arxiv.org/abs/2002.04739,https://arxiv.org/pdf/2002.04739,"Submitted 11 February, 2020; originally announced February 2020.","8 pages, 7 figures, 1 table"
A Robust Stochastic Method of Estimating the Transmission Potential of 2019-nCoV,Jun Li,https://arxiv.org/abs/2002.03828,https://arxiv.org/pdf/2002.03828,"Submitted 7 February, 2020; originally announced February 2020.","Short paper, 4 page text, total 10 pages"
First attempts to model the dynamics of the Coronavirus outbreak 2020,Thomas Götz,https://arxiv.org/abs/2002.03821,https://arxiv.org/pdf/2002.03821,"Submitted 10 February, 2020; originally announced February 2020.","8 pages, 7 gigures"
Quadratic growth during the 2019 novel coronavirus epidemic,Axel Brandenburg,https://arxiv.org/abs/2002.03638,https://arxiv.org/pdf/2002.03638,"Submitted 14 February, 2020; v1 submitted 10 February, 2020; originally announced February 2020.","5 pages, 5 figures, 1 table, with appendix"
"The Novel Coronavirus, 2019-nCoV, is Highly Contagious and More Infectious Than Initially Estimated","Steven Sanche, Yen Ting Lin, Chonggang Xu, Ethan Romero-Severson, Nicolas W. Hengartner, Ruian Ke",https://arxiv.org/abs/2002.03268,https://arxiv.org/pdf/2002.03268,"Submitted 8 February, 2020; originally announced February 2020.","8 pages, 3 figures, 1 Supplementary Text, 6 Supplementary figures, 2 Supplementary tables"
Protein structure and sequence re-analysis of 2019-nCoV genome does not indicate snakes as its intermediate host or the unique similarity between its spike protein insertions and HIV-1,"Chengxin Zhang, Wei Zheng, Xiaoqiang Huang, Eric W. Bell, Xiaogen Zhou, Yang Zhang",https://arxiv.org/abs/2002.03173,https://arxiv.org/pdf/2002.03173,"Submitted 8 February, 2020; originally announced February 2020.",Structure models for 2019-nCoV proteins are available at https://zhanglab.ccmb.med.umich.edu/C-I-TASSER/2019-nCov/
A Time Delay Dynamic System with External Source for the Local Outbreak of 2019-nCoV,"Yu Chen, Jin Cheng, Yu Jiang, Keji Liu",https://arxiv.org/abs/2002.02590,https://arxiv.org/pdf/2002.02590,"Submitted 6 February, 2020; originally announced February 2020.","13 pages, 13figures"
A Simple Prediction Model for the Development Trend of 2019-nCov Epidemics Based on Medical Observations,"Ye Liang, Dan Xu, Shang Fu, Kewa Gao, Jingjing Huan, Linyong Xu, Jia-da Li",https://arxiv.org/abs/2002.00426,https://arxiv.org/pdf/2002.00426,"Submitted 2 February, 2020; originally announced February 2020.","Written on February 1, 2020 at 15:00 (GMT+08:00) 12 pages, 7 figures"
"Infodemiological Study Using Google Trends on Coronavirus Epidemic in Wuhan, China",Artur Strzelecki,https://arxiv.org/abs/2001.11021,https://arxiv.org/pdf/2001.11021,"Submitted 29 January, 2020; originally announced January 2020.",6 pages
Preliminary prediction of the basic reproduction number of the Wuhan novel coronavirus 2019-nCoV,"Tao Zhou, Quanhui Liu, Zimo Yang, Jingyi Liao, Kexin Yang, Wei Bai, Xin Lü, Wei Zhang",https://arxiv.org/abs/2001.10530,https://arxiv.org/pdf/2001.10530,"Submitted 31 January, 2020; v1 submitted 28 January, 2020; originally announced January 2020.","8 pages, 1 table and 1 figure"
SPSTracker: Sub-Peak Suppression of Response Map for Robust Object Tracking,"Qintao Hu, Lijun Zhou, Xiaoxiao Wang, Yao Mao, Jianlin Zhang, Qixiang Ye",https://arxiv.org/abs/1912.00597,,"Submitted 23 January, 2020; v1 submitted 2 December, 2019; originally announced December 2019.","Table2,3(VOT2016,2018) do not match figure6,7(VOT2016,2018).More experiments need to be added"
Estimation of temporal covariances in pathogen dynamics using Bayesian multivariate autoregressive models,"Colette Mair, Sema Nickbakhsh, Richard Reeve, Jim McMenamin, Arlene Reynolds, Rory Gunson, Pablo R Murcia, Louise Matthews",https://arxiv.org/abs/1611.09063,https://arxiv.org/pdf/1611.09063,"Submitted 13 April, 2019; v1 submitted 28 November, 2016; originally announced November 2016.","22 pages, 5 figures, 2 tables"
Feline coronaviruses associated with feline infectious peritonitis have modifications to spike protein activation sites at two discrete positions,"Beth N. Licitra, Kelly L. Sams, Donald W. Lee, Gary R. Whittaker",https://arxiv.org/abs/1412.4034,https://arxiv.org/pdf/1412.4034,"Submitted 12 December, 2014; originally announced December 2014.","5 pages, 4 tables, 1 figure"
Assessment of the MERS-CoV epidemic situation in the Middle East region,"Chiara Poletto, Camille Pelat, Daniel Levy-Bruhl, Yazdan Yazdanpanah, Pierre-Yves Boelle, Vittoria Colizza",https://arxiv.org/abs/1311.1481,https://arxiv.org/pdf/1311.1481,"Submitted 5 May, 2014; v1 submitted 6 November, 2013; originally announced November 2013.","in press on Eurosurveillance, 16 pages, 3 figures"
